ArrestSurrenderID,CaseMasterID,ArrestSurrenderTypeID,ArrestSurrenderDate,CrimeRegisteredDate,ArrestDelayDays,DistrictName,CrimeMajorHeadID,CrimeGroupName,GravityOffenceID,IsNightTime,AccusedMasterID,IsAccused
1,718,1,2024-03-04,2024-02-10,23,Vijayanagara,3,Crimes Against Women,2,1,1270,1
2,668,1,2024-09-29,2024-09-11,18,Bengaluru Urban,1,Crimes Against Body,1,1,1187,1
3,871,1,2024-09-15,2024-08-31,15,Bengaluru Urban,3,Crimes Against Women,2,1,92,1
4,950,1,2026-01-04,2026-01-03,1,Dakshina Kannada,4,Crimes Against Children,2,1,106,1
5,514,1,2026-05-16,2025-11-24,173,Udupi,2,Crimes Against Property,3,1,895,1
6,667,1,2024-09-05,2024-06-14,83,Mysuru,3,Crimes Against Women,1,1,1186,1
7,920,2,2026-08-09,2026-07-15,25,Mysuru,13,Crimes Related to Documents/Property,2,1,1286,1
8,108,1,2025-01-13,2024-12-21,23,Mysuru,2,Crimes Against Property,2,1,188,1
9,437,2,2025-08-02,2025-05-01,93,Gadag,10,Crimes Against Public Order,1,1,773,1
10,472,1,2025-12-15,2025-10-23,53,Belagavi (Belgaum),11,Traffic Related Offences,3,1,829,1
11,149,2,2024-08-18,2024-07-20,29,Davanagere,6,Economic Offences,1,1,271,1
12,351,1,2026-06-08,2026-06-05,3,Chikkamagaluru,2,Crimes Against Property,2,1,623,1
13,806,1,2026-08-14,2026-03-29,138,Yadgir,7,Cyber Crimes,2,1,1418,1
14,551,1,2026-01-16,2026-01-13,3,Mysuru,4,Crimes Against Children,1,1,975,1
15,449,1,2024-06-29,2024-06-04,25,Davanagere,8,Drug/Narcotic Offences,1,1,794,1
16,60,1,2025-03-08,2025-02-14,22,Dharwad,3,Crimes Against Women,2,1,97,1
17,313,1,2025-04-10,2025-04-03,7,Ballari (Bellary),8,Drug/Narcotic Offences,2,1,558,1
18,139,1,2024-12-10,2024-09-25,76,Bengaluru Rural,6,Economic Offences,2,1,256,1
19,902,1,2025-12-20,2025-07-07,166,Bengaluru Rural,3,Crimes Against Women,1,1,1098,1
20,644,2,2025-05-14,2025-02-09,94,Bengaluru Urban,2,Crimes Against Property,2,1,1145,1
21,519,1,2025-05-03,2025-04-13,20,Gadag,6,Economic Offences,1,1,903,1
22,557,1,2025-06-26,2025-04-30,57,Gadag,1,Crimes Against Body,1,1,989,0
23,820,2,2025-11-08,2025-11-01,7,Haveri,5,Crimes Against SCs/STs,2,1,1441,1
24,590,1,2024-08-12,2024-07-18,25,Gadag,4,Crimes Against Children,2,1,1053,1
25,685,1,2026-06-12,2026-06-04,8,Belagavi (Belgaum),7,Cyber Crimes,2,1,1212,1
26,578,1,2025-11-10,2025-11-09,1,Bengaluru Urban,1,Crimes Against Body,2,1,1028,1
27,479,1,2025-04-18,2025-04-15,3,Bengaluru Rural,1,Crimes Against Body,2,1,839,1
28,507,1,2026-07-19,2026-07-17,2,Chitradurga,15,Other IPC Crimes,2,1,881,1
29,660,1,2025-12-10,2025-11-20,20,Bagalkote,6,Economic Offences,1,1,1172,1
30,819,2,2026-03-23,2025-10-13,161,Dakshina Kannada,10,Crimes Against Public Order,2,1,1440,1
31,781,1,2026-08-15,2026-04-12,125,Chitradurga,11,Traffic Related Offences,2,1,1365,1
32,106,1,2025-03-29,2025-03-12,17,Tumakuru,7,Cyber Crimes,2,1,186,1
33,572,1,2026-07-26,2026-06-20,36,Mysuru,7,Cyber Crimes,1,1,1017,1
34,128,1,2024-03-16,2024-01-16,60,Bengaluru Urban,10,Crimes Against Public Order,2,1,234,1
35,564,1,2026-06-24,2026-06-19,5,Bengaluru Urban,14,Sexual Offences,1,1,1006,1
36,268,1,2025-01-17,2025-01-12,5,Ramanagara,8,Drug/Narcotic Offences,2,1,481,1
37,935,2,2025-11-12,2025-11-10,2,Bengaluru Urban,1,Crimes Against Body,2,1,133,1
38,561,1,2026-04-08,2026-04-07,1,Bengaluru Urban,4,Crimes Against Children,2,1,1002,1
39,276,1,2024-12-17,2024-11-19,28,Belagavi (Belgaum),7,Cyber Crimes,2,1,496,1
40,289,1,2025-04-05,2025-03-08,28,Koppal,13,Crimes Related to Documents/Property,2,1,517,1
41,157,1,2025-02-26,2024-11-05,113,Tumakuru,3,Crimes Against Women,2,1,283,1
42,960,1,2025-02-27,2024-10-04,146,Bengaluru Urban,2,Crimes Against Property,2,1,39,1
43,716,1,2025-01-22,2025-01-21,1,Bengaluru Urban,2,Crimes Against Property,2,1,1267,1
44,918,1,2025-09-11,2025-09-06,5,Belagavi (Belgaum),2,Crimes Against Property,2,1,823,1
45,617,2,2025-10-20,2025-10-08,12,Bengaluru Urban,2,Crimes Against Property,1,1,1099,1
46,262,2,2025-10-24,2025-10-11,13,Mysuru,8,Drug/Narcotic Offences,2,1,472,1
47,441,2,2025-11-19,2025-09-01,79,Bengaluru Urban,3,Crimes Against Women,2,1,779,1
48,183,1,2024-02-01,2024-01-30,2,Mysuru,3,Crimes Against Women,1,1,333,1
49,64,1,2024-12-14,2024-12-09,5,Bengaluru Urban,10,Crimes Against Public Order,1,1,101,1
50,970,1,2025-05-06,2025-04-29,7,Tumakuru,2,Crimes Against Property,2,1,11,1
51,816,1,2024-11-07,2024-11-05,2,Mysuru,2,Crimes Against Property,1,1,1436,1
52,985,1,2024-04-04,2024-03-20,15,Gadag,3,Crimes Against Women,2,1,364,1
53,107,1,2026-02-04,2025-12-30,36,Vijayapura,11,Traffic Related Offences,2,1,187,1
54,673,2,2026-02-25,2026-02-18,7,Mandya,7,Cyber Crimes,2,1,1195,1
55,692,1,2024-07-13,2024-06-26,17,Bengaluru Urban,1,Crimes Against Body,2,1,1226,1
56,611,1,2024-04-14,2024-04-11,3,Tumakuru,2,Crimes Against Property,2,1,1089,1
57,646,1,2026-01-19,2025-12-20,30,Bidar,12,Environmental Offences,2,1,1147,1
58,370,1,2026-08-25,2026-04-07,140,Bengaluru Rural,10,Crimes Against Public Order,2,1,664,1
59,805,1,2026-01-09,2025-12-12,28,Belagavi (Belgaum),1,Crimes Against Body,2,1,1416,1
60,199,1,2026-04-24,2026-04-06,18,Raichur,10,Crimes Against Public Order,1,1,362,1
61,883,1,2024-10-09,2024-10-04,5,Vijayanagara,1,Crimes Against Body,2,1,851,1
62,302,1,2026-01-19,2026-01-08,11,Chikkaballapura,3,Crimes Against Women,1,1,537,1
63,410,1,2024-06-15,2024-06-13,2,Chikkaballapura,9,Arms Act Offences,3,1,729,1
64,12,1,2025-10-25,2025-08-20,66,Bengaluru Urban,2,Crimes Against Property,2,1,18,1
65,439,1,2025-11-24,2025-11-23,1,Bengaluru Urban,10,Crimes Against Public Order,2,1,775,1
66,496,1,2024-03-29,2024-03-26,3,Bengaluru Urban,2,Crimes Against Property,2,1,865,1
67,879,1,2024-03-23,2024-03-09,14,Bengaluru Rural,8,Drug/Narcotic Offences,1,1,1199,1
68,224,2,2025-12-11,2025-12-07,4,Bengaluru Urban,10,Crimes Against Public Order,2,1,407,0
69,14,1,2025-09-15,2025-07-22,55,Kodagu,8,Drug/Narcotic Offences,1,1,21,1
70,725,1,2024-05-16,2024-04-21,25,Bengaluru Urban,10,Crimes Against Public Order,2,1,1282,1
71,632,1,2024-07-07,2024-06-30,7,Bengaluru Urban,6,Economic Offences,2,1,1124,1
72,652,1,2025-02-21,2025-01-16,36,Bengaluru Urban,2,Crimes Against Property,1,1,1158,1
73,438,1,2025-03-13,2025-02-27,14,Raichur,6,Economic Offences,2,1,774,1
74,853,1,2024-03-20,2024-03-14,6,Gadag,6,Economic Offences,2,1,1495,1
75,559,2,2025-07-15,2025-07-11,4,Dakshina Kannada,11,Traffic Related Offences,2,1,997,1
76,116,2,2025-05-19,2025-04-16,33,Bengaluru Urban,1,Crimes Against Body,1,1,210,1
77,26,1,2024-12-01,2024-11-22,9,Vijayanagara,9,Arms Act Offences,2,1,39,1
78,458,2,2026-02-09,2026-02-04,5,Yadgir,1,Crimes Against Body,2,1,812,1
79,155,1,2025-01-11,2025-01-07,4,Mysuru,7,Cyber Crimes,2,1,281,1
80,391,1,2026-03-28,2025-11-09,139,Bengaluru Urban,6,Economic Offences,2,1,698,1
81,69,2,2025-05-26,2025-04-19,37,Bengaluru Urban,6,Economic Offences,3,1,110,0
82,695,1,2024-12-01,2024-10-21,41,Vijayapura,2,Crimes Against Property,2,1,1230,1
83,117,1,2025-08-11,2025-06-22,50,Bengaluru Urban,2,Crimes Against Property,1,1,212,1
84,895,2,2026-02-24,2026-01-31,24,Uttara Kannada,8,Drug/Narcotic Offences,2,1,878,1
85,317,1,2024-11-10,2024-08-07,95,Belagavi (Belgaum),7,Cyber Crimes,2,1,565,1
86,83,1,2025-01-11,2024-09-21,112,Yadgir,3,Crimes Against Women,1,1,137,1
87,714,1,2025-03-05,2025-03-02,3,Bengaluru Urban,2,Crimes Against Property,2,1,1265,1
88,933,1,2024-01-17,2024-01-12,5,Belagavi (Belgaum),11,Traffic Related Offences,2,1,343,0
89,320,1,2024-10-14,2024-07-18,88,Belagavi (Belgaum),7,Cyber Crimes,2,1,572,1
90,399,1,2025-05-24,2025-04-27,27,Kolar,8,Drug/Narcotic Offences,2,1,714,1
91,240,1,2025-06-28,2025-03-01,119,Bengaluru Urban,2,Crimes Against Property,2,1,429,1
92,526,1,2025-10-16,2025-09-27,19,Bagalkote,8,Drug/Narcotic Offences,2,1,923,1
93,114,2,2024-12-30,2024-11-18,42,Bengaluru Urban,11,Traffic Related Offences,1,1,200,1
94,123,1,2026-01-28,2026-01-20,8,Haveri,7,Cyber Crimes,1,1,227,1
95,663,2,2026-02-23,2026-02-07,16,Bengaluru Urban,10,Crimes Against Public Order,2,1,1181,1
96,922,1,2025-07-24,2025-07-23,1,Belagavi (Belgaum),8,Drug/Narcotic Offences,2,1,211,1
97,899,1,2024-10-20,2024-08-24,57,Bengaluru Urban,2,Crimes Against Property,2,1,557,0
98,511,1,2025-11-27,2025-11-25,2,Bengaluru Urban,1,Crimes Against Body,2,1,888,1
99,792,2,2025-03-29,2025-03-17,12,Belagavi (Belgaum),11,Traffic Related Offences,2,1,1386,1
100,480,1,2026-05-20,2026-05-17,3,Gadag,6,Economic Offences,3,1,842,0
101,780,1,2024-12-31,2024-12-30,1,Bengaluru Urban,8,Drug/Narcotic Offences,2,1,1362,1
102,82,1,2024-12-01,2024-11-29,2,Mysuru,2,Crimes Against Property,2,1,135,1
103,56,1,2025-10-23,2025-10-16,7,Vijayanagara,8,Drug/Narcotic Offences,2,1,93,1
104,826,2,2025-04-07,2025-04-03,4,Bengaluru Urban,13,Crimes Related to Documents/Property,2,1,1450,1
105,562,2,2025-09-07,2025-09-06,1,Bengaluru Urban,2,Crimes Against Property,2,1,1003,1
106,61,1,2025-08-22,2025-08-17,5,Ballari (Bellary),1,Crimes Against Body,1,1,98,1
107,417,1,2025-05-21,2025-04-29,22,Bagalkote,3,Crimes Against Women,3,1,742,1
108,624,1,2026-07-25,2026-07-17,8,Bengaluru Urban,8,Drug/Narcotic Offences,1,1,1113,1
109,615,1,2024-08-25,2024-06-13,73,Uttara Kannada,6,Economic Offences,2,1,1095,1
110,495,1,2025-04-26,2025-03-31,26,Raichur,7,Cyber Crimes,3,1,864,1
111,478,1,2026-01-01,2025-10-28,65,Bengaluru Urban,2,Crimes Against Property,3,1,838,1
112,74,1,2025-04-21,2025-03-22,30,Haveri,2,Crimes Against Property,2,1,119,1
113,192,1,2024-08-16,2024-08-01,15,Mandya,3,Crimes Against Women,2,1,351,1
114,203,1,2025-04-14,2025-04-04,10,Tumakuru,2,Crimes Against Property,1,1,370,1
115,452,1,2024-01-23,2024-01-22,1,Mysuru,6,Economic Offences,2,1,798,1
116,475,1,2025-01-28,2025-01-25,3,Gadag,1,Crimes Against Body,2,1,834,1
117,757,1,2026-05-20,2026-05-05,15,Tumakuru,11,Traffic Related Offences,2,1,1328,1
118,627,1,2025-07-15,2025-07-09,6,Belagavi (Belgaum),2,Crimes Against Property,1,1,1118,1
119,137,1,2024-08-04,2024-08-01,3,Ballari (Bellary),1,Crimes Against Body,2,1,251,1
120,141,1,2025-06-14,2025-06-11,3,Bengaluru Rural,7,Cyber Crimes,2,1,258,0
121,666,1,2026-08-03,2026-07-16,18,Uttara Kannada,2,Crimes Against Property,1,1,1184,1
122,613,1,2024-03-19,2024-03-07,12,Bengaluru Urban,6,Economic Offences,2,1,1092,1
123,486,1,2025-09-09,2025-09-03,6,Mysuru,3,Crimes Against Women,1,1,850,1
124,565,1,2026-03-25,2026-03-23,2,Dharwad,11,Traffic Related Offences,1,1,1007,1
125,900,1,2024-05-08,2024-05-04,4,Bengaluru Urban,1,Crimes Against Body,2,1,11,1
126,947,1,2024-09-30,2024-08-17,44,Dakshina Kannada,3,Crimes Against Women,2,1,1025,1
127,571,2,2025-02-10,2025-02-08,2,Bengaluru Urban,2,Crimes Against Property,1,1,1015,1
128,791,1,2024-02-15,2024-02-13,2,Belagavi (Belgaum),8,Drug/Narcotic Offences,2,1,1384,1
129,654,1,2026-01-29,2025-11-18,72,Bengaluru Urban,2,Crimes Against Property,2,1,1160,1
130,252,1,2025-09-15,2025-08-16,30,Dharwad,5,Crimes Against SCs/STs,2,1,454,1
131,870,1,2025-01-11,2024-12-15,27,Dakshina Kannada,11,Traffic Related Offences,2,1,1,1
132,839,1,2026-08-24,2026-05-08,108,Bengaluru Urban,2,Crimes Against Property,2,1,1467,1
133,105,1,2024-05-20,2024-05-16,4,Uttara Kannada,6,Economic Offences,2,1,185,1
134,390,1,2025-06-12,2025-01-27,136,Uttara Kannada,11,Traffic Related Offences,2,1,697,1
135,631,2,2026-06-23,2026-05-02,52,Bengaluru Urban,6,Economic Offences,1,1,1123,1
136,547,1,2025-09-28,2025-08-29,30,Chitradurga,1,Crimes Against Body,2,1,968,1
137,335,1,2024-12-12,2024-12-10,2,Vijayanagara,2,Crimes Against Property,2,1,598,1
138,407,1,2024-07-06,2024-06-18,18,Ramanagara,2,Crimes Against Property,3,1,725,1
139,877,1,2025-10-07,2025-08-13,55,Chamarajanagara,3,Crimes Against Women,2,1,1326,1
140,940,2,2024-01-17,2024-01-14,3,Bengaluru Rural,1,Crimes Against Body,1,1,395,1
141,103,1,2026-07-12,2026-06-24,18,Bengaluru Urban,3,Crimes Against Women,1,1,177,1
142,581,1,2024-03-08,2024-03-04,4,Dharwad,9,Arms Act Offences,2,1,1037,1
143,786,1,2024-12-22,2024-08-20,124,Dakshina Kannada,3,Crimes Against Women,2,1,1373,1
144,672,2,2025-01-09,2024-10-12,89,Bengaluru Urban,2,Crimes Against Property,2,1,1194,1
145,153,1,2024-02-01,2024-01-29,3,Mysuru,2,Crimes Against Property,2,1,278,1
146,793,1,2024-07-01,2024-06-28,3,Chamarajanagara,7,Cyber Crimes,2,1,1388,1
147,287,2,2026-05-30,2025-12-28,153,Belagavi (Belgaum),8,Drug/Narcotic Offences,2,1,515,1
148,737,1,2024-02-14,2024-01-21,24,Bengaluru Urban,7,Cyber Crimes,2,1,1299,1
149,381,1,2026-02-14,2026-02-11,3,Bengaluru Urban,8,Drug/Narcotic Offences,2,1,682,1
150,824,2,2024-09-30,2024-09-04,26,Belagavi (Belgaum),1,Crimes Against Body,2,1,1446,1
151,482,2,2025-07-30,2025-05-12,79,Ramanagara,3,Crimes Against Women,2,1,845,1
152,144,1,2024-04-10,2024-04-06,4,Bengaluru Urban,1,Crimes Against Body,2,1,263,1
153,540,1,2024-04-06,2024-03-30,7,Bengaluru Urban,1,Crimes Against Body,3,1,946,1
154,154,2,2025-03-06,2025-02-04,30,Bengaluru Urban,1,Crimes Against Body,1,1,280,0
155,889,1,2025-10-02,2025-08-09,54,Mandya,3,Crimes Against Women,1,1,940,1
156,481,1,2025-10-02,2025-09-29,3,Belagavi (Belgaum),3,Crimes Against Women,2,1,843,1
157,579,1,2025-05-18,2025-05-13,5,Bengaluru Urban,3,Crimes Against Women,2,1,1029,1
158,608,1,2026-03-17,2026-02-14,31,Bengaluru Rural,11,Traffic Related Offences,2,1,1084,1
159,79,1,2025-05-26,2025-05-18,8,Mysuru,3,Crimes Against Women,2,1,131,1
160,600,2,2025-08-08,2025-06-05,64,Bengaluru Urban,3,Crimes Against Women,2,1,1069,1
161,614,2,2024-12-04,2024-11-27,7,Bengaluru Urban,15,Other IPC Crimes,2,1,1093,1
162,6,1,2025-02-11,2024-09-04,160,Bengaluru Urban,8,Drug/Narcotic Offences,1,1,9,1
163,880,2,2025-12-08,2025-11-22,16,Mysuru,3,Crimes Against Women,2,1,1228,1
164,258,1,2026-07-07,2026-06-11,26,Mysuru,3,Crimes Against Women,1,1,463,1
165,768,1,2024-10-09,2024-10-04,5,Tumakuru,1,Crimes Against Body,1,1,1346,1
166,967,1,2025-02-26,2025-02-23,3,Bengaluru Urban,7,Cyber Crimes,2,1,1416,1
167,310,1,2024-01-13,2024-01-08,5,Chikkamagaluru,1,Crimes Against Body,3,1,554,1
168,622,1,2025-08-19,2025-08-18,1,Bengaluru Urban,11,Traffic Related Offences,1,1,1110,1
169,110,1,2025-03-05,2025-02-05,28,Dharwad,7,Cyber Crimes,2,1,195,1
170,436,1,2026-02-27,2026-02-22,5,Dharwad,3,Crimes Against Women,1,1,772,1
171,382,1,2024-08-19,2024-06-14,66,Mandya,15,Other IPC Crimes,2,1,683,1
172,50,1,2024-10-17,2024-09-20,27,Bengaluru Urban,3,Crimes Against Women,2,1,83,1
173,346,1,2026-02-22,2026-02-18,4,Ballari (Bellary),7,Cyber Crimes,2,1,617,1
174,730,1,2026-02-21,2026-02-18,3,Chikkamagaluru,1,Crimes Against Body,2,1,1288,1
175,453,2,2025-12-17,2025-09-22,86,Chikkaballapura,5,Crimes Against SCs/STs,2,1,799,1
176,347,1,2025-12-14,2025-11-22,22,Chitradurga,1,Crimes Against Body,3,1,618,1
177,830,1,2024-08-14,2024-07-21,24,Kalaburagi (Gulbarga),2,Crimes Against Property,1,1,1454,1
178,919,2,2025-03-11,2025-01-18,52,Udupi,2,Crimes Against Property,2,1,1105,1
179,726,1,2024-10-08,2024-09-24,14,Uttara Kannada,3,Crimes Against Women,2,1,1284,1
180,671,1,2025-08-19,2025-07-30,20,Mandya,7,Cyber Crimes,2,1,1192,1
181,118,1,2025-02-17,2025-02-14,3,Bengaluru Urban,7,Cyber Crimes,2,1,215,1
182,693,1,2025-04-11,2025-03-28,14,Bidar,7,Cyber Crimes,1,1,1227,1
183,221,1,2025-01-21,2024-12-07,45,Bengaluru Urban,6,Economic Offences,2,1,402,1
184,425,2,2024-07-01,2024-06-24,7,Kalaburagi (Gulbarga),2,Crimes Against Property,2,1,755,1
185,311,1,2026-03-26,2026-03-25,1,Hassan,3,Crimes Against Women,1,1,556,1
186,509,1,2025-08-24,2025-08-17,7,Bengaluru Urban,14,Sexual Offences,3,1,883,1
187,459,2,2025-11-10,2025-11-04,6,Ballari (Bellary),7,Cyber Crimes,2,1,813,1
188,863,2,2024-04-01,2024-02-03,58,Bengaluru Rural,2,Crimes Against Property,2,1,222,1
189,455,1,2025-02-08,2024-12-14,56,Chamarajanagara,3,Crimes Against Women,2,1,801,1
190,560,1,2024-10-04,2024-08-22,43,Tumakuru,6,Economic Offences,1,1,998,1
191,443,1,2025-07-11,2025-05-23,49,Kodagu,2,Crimes Against Property,2,1,785,1
192,831,1,2026-07-01,2026-06-19,12,Chitradurga,1,Crimes Against Body,3,1,1455,0
193,866,1,2026-02-13,2026-02-10,3,Bengaluru Urban,11,Traffic Related Offences,1,1,103,1
194,142,1,2024-11-07,2024-10-28,10,Mandya,2,Crimes Against Property,2,1,260,1
195,543,1,2024-02-02,2024-02-01,1,Dharwad,7,Cyber Crimes,2,1,953,1
196,744,1,2025-10-16,2025-07-19,89,Belagavi (Belgaum),2,Crimes Against Property,2,1,1309,1
197,168,1,2025-09-15,2025-09-14,1,Ballari (Bellary),2,Crimes Against Property,2,1,305,1
198,642,1,2024-03-28,2024-03-22,6,Bengaluru Urban,2,Crimes Against Property,1,1,1141,1
199,556,1,2025-07-17,2025-07-15,2,Bengaluru Urban,2,Crimes Against Property,3,1,987,1
200,499,1,2024-12-22,2024-12-17,5,Kolar,2,Crimes Against Property,2,1,869,1
201,146,1,2024-04-20,2024-04-14,6,Tumakuru,8,Drug/Narcotic Offences,3,1,267,1
202,722,1,2026-02-14,2026-02-13,1,Chikkaballapura,1,Crimes Against Body,1,1,1276,1
203,808,2,2026-05-08,2026-04-10,28,Kolar,2,Crimes Against Property,2,1,1421,1
204,728,1,2024-01-19,2024-01-14,5,Dakshina Kannada,1,Crimes Against Body,2,1,1286,1
205,493,1,2024-12-06,2024-11-29,7,Chikkaballapura,1,Crimes Against Body,2,1,861,1
206,508,1,2025-07-19,2025-07-12,7,Bengaluru Urban,3,Crimes Against Women,1,1,882,1
207,928,1,2025-01-13,2024-12-17,27,Bidar,11,Traffic Related Offences,2,1,102,1
208,891,1,2024-02-29,2024-02-19,10,Koppal,11,Traffic Related Offences,2,1,349,1
209,400,1,2026-02-12,2026-01-04,39,Dakshina Kannada,2,Crimes Against Property,2,1,716,1
210,115,1,2026-04-27,2026-01-29,88,Dakshina Kannada,8,Drug/Narcotic Offences,2,1,203,1
211,705,1,2025-01-06,2024-09-26,102,Bengaluru Urban,3,Crimes Against Women,2,1,1245,1
212,398,1,2024-12-05,2024-12-01,4,Bengaluru Rural,2,Crimes Against Property,2,1,712,1
213,367,1,2024-01-26,2024-01-22,4,Bengaluru Urban,2,Crimes Against Property,3,1,656,1
214,134,1,2026-01-30,2025-12-03,58,Bengaluru Urban,12,Environmental Offences,2,1,246,1
215,58,1,2024-04-16,2024-04-02,14,Uttara Kannada,2,Crimes Against Property,1,1,95,1
216,389,1,2025-12-19,2025-10-09,71,Gadag,7,Cyber Crimes,2,1,694,1
217,535,1,2025-04-21,2025-03-22,30,Bengaluru Urban,2,Crimes Against Property,2,1,938,1
218,512,2,2026-04-22,2025-12-11,132,Bengaluru Urban,7,Cyber Crimes,2,1,891,1
219,81,2,2025-12-10,2025-12-07,3,Tumakuru,6,Economic Offences,2,1,134,1
220,861,1,2026-07-20,2026-06-29,21,Yadgir,1,Crimes Against Body,2,1,607,1
221,416,2,2025-01-21,2025-01-15,6,Mysuru,2,Crimes Against Property,2,1,736,1
222,942,1,2024-12-30,2024-11-23,37,Bengaluru Urban,8,Drug/Narcotic Offences,1,1,989,1
223,36,1,2025-10-01,2025-07-25,68,Mysuru,6,Economic Offences,2,1,58,1
224,91,1,2025-12-29,2025-12-12,17,Bengaluru Urban,8,Drug/Narcotic Offences,2,1,155,1
225,794,1,2024-04-07,2024-04-02,5,Tumakuru,2,Crimes Against Property,1,1,1390,1
226,828,1,2025-09-23,2025-09-22,1,Belagavi (Belgaum),9,Arms Act Offences,1,1,1452,1
227,225,1,2025-11-27,2025-11-21,6,Bengaluru Rural,7,Cyber Crimes,2,1,408,1
228,124,2,2026-02-05,2026-01-08,28,Uttara Kannada,8,Drug/Narcotic Offences,2,1,228,1
229,522,1,2025-05-28,2025-03-18,71,Chitradurga,1,Crimes Against Body,1,1,914,1
230,291,1,2025-07-04,2025-07-02,2,Tumakuru,2,Crimes Against Property,2,1,520,1
231,648,1,2024-02-22,2024-02-18,4,Kodagu,7,Cyber Crimes,1,1,1149,1
232,249,2,2026-04-27,2026-03-30,28,Chikkaballapura,6,Economic Offences,1,1,451,1
233,975,2,2024-06-15,2024-06-09,6,Bengaluru Urban,7,Cyber Crimes,2,1,427,1
234,197,2,2024-03-31,2024-03-28,3,Chikkamagaluru,2,Crimes Against Property,2,1,359,1
235,774,1,2025-12-25,2025-12-01,24,Bengaluru Urban,6,Economic Offences,2,1,1354,1
236,991,2,2025-06-27,2025-06-08,19,Bengaluru Urban,7,Cyber Crimes,3,1,328,1
237,645,1,2025-02-28,2024-10-22,129,Bengaluru Urban,11,Traffic Related Offences,2,1,1146,1
238,987,1,2025-05-28,2025-05-20,8,Udupi,7,Cyber Crimes,1,1,326,1
239,847,1,2024-04-20,2024-04-06,14,Bengaluru Urban,1,Crimes Against Body,1,1,1479,1
240,348,2,2024-02-10,2024-01-16,25,Uttara Kannada,15,Other IPC Crimes,2,1,620,1
241,829,1,2025-11-28,2025-11-08,20,Ballari (Bellary),3,Crimes Against Women,2,1,1453,1
242,503,2,2025-03-30,2025-01-10,79,Bidar,7,Cyber Crimes,2,1,876,1
243,706,2,2024-08-13,2024-06-06,68,Bagalkote,1,Crimes Against Body,2,1,1247,1
244,232,1,2025-07-18,2025-07-15,3,Tumakuru,2,Crimes Against Property,1,1,420,1
245,930,1,2025-04-13,2024-12-31,103,Mandya,3,Crimes Against Women,2,1,133,1
246,222,1,2024-05-30,2024-05-01,29,Tumakuru,2,Crimes Against Property,2,1,403,1
247,285,1,2024-03-15,2024-03-13,2,Belagavi (Belgaum),2,Crimes Against Property,2,1,512,0
248,88,1,2026-07-04,2026-04-12,83,Bengaluru Urban,2,Crimes Against Property,2,1,147,1
249,782,1,2026-03-17,2026-02-21,24,Shivamogga,14,Sexual Offences,2,1,1366,1
250,409,1,2025-08-02,2025-07-12,21,Bengaluru Urban,6,Economic Offences,3,1,727,1
251,838,1,2024-12-05,2024-11-18,17,Vijayanagara,11,Traffic Related Offences,2,1,1465,1
252,927,2,2024-09-13,2024-08-21,23,Mysuru,11,Traffic Related Offences,2,1,934,1
253,22,1,2025-10-10,2025-06-24,108,Bengaluru Urban,2,Crimes Against Property,2,1,34,1
254,679,1,2025-05-15,2025-04-04,41,Bengaluru Urban,7,Cyber Crimes,1,1,1203,1
255,211,1,2026-04-21,2026-04-14,7,Mysuru,8,Drug/Narcotic Offences,2,1,388,1
256,804,1,2025-01-22,2025-01-17,5,Tumakuru,7,Cyber Crimes,3,1,1415,1
257,235,1,2025-02-02,2024-09-09,146,Uttara Kannada,7,Cyber Crimes,2,1,424,1
258,386,1,2025-09-27,2025-09-15,12,Mysuru,1,Crimes Against Body,2,1,687,1
259,523,2,2024-12-20,2024-08-24,118,Bengaluru Urban,8,Drug/Narcotic Offences,2,1,915,1
260,937,2,2025-01-30,2025-01-02,28,Bengaluru Urban,10,Crimes Against Public Order,3,1,1245,1
261,669,1,2025-11-02,2025-09-23,40,Vijayanagara,2,Crimes Against Property,2,1,1188,1
262,461,1,2025-05-14,2025-04-22,22,Tumakuru,3,Crimes Against Women,2,1,815,1
263,288,1,2026-05-10,2026-05-09,1,Dakshina Kannada,10,Crimes Against Public Order,2,1,516,1
264,277,1,2025-12-22,2025-09-26,87,Chitradurga,8,Drug/Narcotic Offences,3,1,497,1
265,66,1,2025-06-20,2025-06-15,5,Bengaluru Urban,8,Drug/Narcotic Offences,2,1,103,1
266,145,1,2024-10-20,2024-10-16,4,Dakshina Kannada,11,Traffic Related Offences,2,1,265,1
267,27,1,2026-06-13,2026-04-12,62,Bengaluru Urban,4,Crimes Against Children,2,1,40,1
268,553,1,2025-11-04,2025-08-15,81,Chikkaballapura,4,Crimes Against Children,2,1,978,1
269,201,1,2024-01-19,2024-01-14,5,Bengaluru Urban,11,Traffic Related Offences,2,1,367,1
270,120,1,2024-05-04,2024-04-24,10,Bengaluru Urban,2,Crimes Against Property,2,1,219,1
271,586,1,2024-02-22,2024-02-20,2,Bengaluru Urban,4,Crimes Against Children,2,1,1047,1
272,905,1,2026-04-27,2026-02-08,78,Bidar,10,Crimes Against Public Order,2,1,349,1
273,181,1,2024-08-18,2024-08-16,2,Mysuru,6,Economic Offences,1,1,331,1
274,490,1,2026-01-19,2025-12-20,30,Ramanagara,2,Crimes Against Property,3,1,857,1
275,419,1,2026-03-21,2026-02-25,24,Koppal,3,Crimes Against Women,2,1,747,1
276,352,1,2026-01-02,2025-12-31,2,Udupi,7,Cyber Crimes,2,1,627,1
277,487,1,2025-09-12,2025-08-18,25,Bengaluru Urban,8,Drug/Narcotic Offences,2,1,851,1
278,373,1,2025-10-21,2025-10-14,7,Mysuru,4,Crimes Against Children,1,1,669,1
279,62,1,2025-04-17,2025-03-19,29,Bagalkote,11,Traffic Related Offences,2,1,99,1
280,446,1,2024-07-23,2024-05-12,72,Chikkamagaluru,3,Crimes Against Women,2,1,788,1
281,844,1,2025-10-08,2025-09-27,11,Belagavi (Belgaum),8,Drug/Narcotic Offences,2,1,1473,1
282,97,1,2025-11-17,2025-10-16,32,Bengaluru Urban,2,Crimes Against Property,2,1,170,1
283,592,1,2026-01-12,2026-01-05,7,Chikkaballapura,3,Crimes Against Women,2,1,1057,1
284,360,1,2025-04-09,2025-03-13,27,Mysuru,8,Drug/Narcotic Offences,2,1,641,1
285,731,1,2026-06-19,2026-06-15,4,Tumakuru,1,Crimes Against Body,2,1,1290,1
286,840,1,2024-05-26,2024-05-20,6,Belagavi (Belgaum),2,Crimes Against Property,1,1,1468,1
287,949,1,2025-09-12,2025-08-29,14,Bengaluru Rural,10,Crimes Against Public Order,3,1,587,1
288,795,1,2025-11-26,2025-11-20,6,Shivamogga,8,Drug/Narcotic Offences,2,1,1391,1
289,420,2,2026-07-01,2026-06-27,4,Bengaluru Urban,2,Crimes Against Property,2,1,748,1
290,345,1,2025-03-17,2025-03-06,11,Raichur,2,Crimes Against Property,2,1,616,1
291,432,1,2025-08-04,2025-07-30,5,Mysuru,3,Crimes Against Women,2,1,767,1
292,815,1,2024-12-11,2024-12-06,5,Dharwad,11,Traffic Related Offences,2,1,1434,1
293,162,1,2026-05-04,2026-05-03,1,Belagavi (Belgaum),4,Crimes Against Children,2,1,290,1
294,813,2,2026-01-19,2025-11-13,67,Chikkamagaluru,3,Crimes Against Women,2,1,1430,1
295,518,1,2025-12-29,2025-12-28,1,Tumakuru,3,Crimes Against Women,2,1,902,1
296,206,1,2026-06-10,2026-06-08,2,Haveri,9,Arms Act Offences,2,1,378,1
297,639,1,2025-08-11,2025-06-16,56,Belagavi (Belgaum),7,Cyber Crimes,2,1,1135,1
298,931,2,2025-01-06,2024-12-21,16,Chamarajanagara,3,Crimes Against Women,1,1,1192,1
299,319,1,2025-04-01,2025-03-25,7,Mysuru,7,Cyber Crimes,1,1,569,1
300,195,1,2026-06-15,2026-01-30,136,Mysuru,6,Economic Offences,2,1,354,1
301,785,1,2024-12-01,2024-11-01,30,Bengaluru Urban,1,Crimes Against Body,2,1,1372,1
302,834,1,2026-10-13,2026-05-29,137,Bagalkote,8,Drug/Narcotic Offences,1,1,1460,1
303,229,1,2025-02-25,2025-02-20,5,Dharwad,1,Crimes Against Body,2,1,414,1
304,127,1,2025-02-09,2025-02-02,7,Chikkamagaluru,6,Economic Offences,2,1,233,1
305,290,1,2024-06-19,2024-06-06,13,Davanagere,1,Crimes Against Body,3,1,518,1
306,442,1,2025-03-25,2025-03-01,24,Davanagere,3,Crimes Against Women,2,1,782,1
307,978,1,2024-06-05,2024-05-09,27,Dharwad,6,Economic Offences,2,1,1057,1
308,431,1,2025-03-16,2025-03-01,15,Bengaluru Urban,2,Crimes Against Property,2,1,766,1
309,869,2,2024-09-18,2024-09-12,6,Bengaluru Urban,2,Crimes Against Property,2,1,701,1
310,331,1,2025-11-03,2025-10-21,13,Bengaluru Urban,4,Crimes Against Children,2,1,594,1
311,580,2,2025-01-06,2024-09-24,104,Bengaluru Urban,1,Crimes Against Body,3,1,1031,1
312,943,1,2025-09-05,2025-08-31,5,Dharwad,3,Crimes Against Women,3,1,201,1
313,233,1,2024-11-24,2024-11-23,1,Shivamogga,3,Crimes Against Women,3,1,421,1
314,132,1,2025-11-15,2025-11-09,6,Uttara Kannada,1,Crimes Against Body,2,1,242,1
315,73,1,2024-02-06,2024-02-03,3,Shivamogga,2,Crimes Against Property,2,1,117,1
316,408,2,2024-04-19,2024-04-12,7,Bengaluru Urban,11,Traffic Related Offences,2,1,726,1
317,680,2,2024-04-29,2024-04-08,21,Shivamogga,7,Cyber Crimes,2,1,1205,1
318,429,1,2025-03-13,2025-03-11,2,Bengaluru Urban,2,Crimes Against Property,2,1,763,1
319,874,1,2025-07-15,2025-06-30,15,Bengaluru Urban,3,Crimes Against Women,2,1,1380,1
320,849,1,2024-10-31,2024-10-30,1,Bengaluru Urban,11,Traffic Related Offences,2,1,1483,1
321,90,1,2024-05-12,2024-04-02,40,Bidar,9,Arms Act Offences,2,1,149,1
322,306,1,2026-03-12,2026-02-23,17,Yadgir,15,Other IPC Crimes,2,1,542,1
323,584,1,2024-07-25,2024-03-03,144,Udupi,7,Cyber Crimes,2,1,1043,1
324,924,1,2025-06-09,2025-05-30,10,Bengaluru Urban,9,Arms Act Offences,2,1,656,1
325,759,1,2024-01-04,2024-01-03,1,Bengaluru Urban,7,Cyber Crimes,2,1,1331,1
326,743,2,2025-07-04,2025-06-02,32,Chamarajanagara,14,Sexual Offences,2,1,1308,1
327,383,1,2026-06-03,2026-02-28,95,Bengaluru Urban,9,Arms Act Offences,2,1,684,1
328,45,1,2025-10-17,2025-05-25,145,Bengaluru Urban,1,Crimes Against Body,2,1,75,1
329,984,1,2026-01-11,2026-01-04,7,Bagalkote,3,Crimes Against Women,1,1,626,1
330,917,2,2024-08-02,2024-07-29,4,Yadgir,3,Crimes Against Women,2,1,554,1
331,369,1,2024-02-16,2024-01-20,27,Belagavi (Belgaum),7,Cyber Crimes,1,1,661,1
332,914,2,2024-01-23,2024-01-02,21,Chikkamagaluru,2,Crimes Against Property,1,1,1040,1
333,885,1,2025-01-19,2025-01-17,2,Hassan,11,Traffic Related Offences,2,1,1271,1
334,430,1,2024-08-15,2024-08-01,14,Bengaluru Urban,2,Crimes Against Property,2,1,765,1
335,570,1,2025-08-17,2025-03-13,157,Chitradurga,3,Crimes Against Women,3,1,1014,1
336,585,1,2026-05-22,2026-04-25,27,Dharwad,3,Crimes Against Women,2,1,1044,1
337,542,2,2024-05-03,2024-04-15,18,Bengaluru Urban,8,Drug/Narcotic Offences,2,1,952,1
338,635,1,2025-10-01,2025-09-29,2,Gadag,7,Cyber Crimes,2,1,1129,0
339,20,1,2024-02-19,2024-01-30,20,Mysuru,1,Crimes Against Body,2,1,32,1
340,143,1,2024-04-17,2024-04-11,6,Gadag,1,Crimes Against Body,1,1,262,1
341,596,1,2024-04-25,2024-04-15,10,Bengaluru Urban,14,Sexual Offences,2,1,1063,1
342,462,1,2025-09-06,2025-08-19,18,Chikkaballapura,2,Crimes Against Property,2,1,816,1
343,724,1,2025-12-12,2025-12-06,6,Bengaluru Urban,2,Crimes Against Property,2,1,1280,1
344,32,2,2024-12-08,2024-06-27,164,Ramanagara,1,Crimes Against Body,1,1,45,1
345,213,1,2024-10-17,2024-09-17,30,Belagavi (Belgaum),7,Cyber Crimes,2,1,391,1
346,433,1,2025-03-04,2024-11-11,113,Kolar,7,Cyber Crimes,2,1,769,1
347,502,1,2026-06-27,2026-06-23,4,Chamarajanagara,2,Crimes Against Property,2,1,875,1
348,42,2,2024-04-05,2024-03-06,30,Mysuru,8,Drug/Narcotic Offences,2,1,70,1
349,261,2,2025-05-25,2025-05-21,4,Bengaluru Urban,3,Crimes Against Women,1,1,470,1
350,878,1,2025-02-27,2025-02-18,9,Raichur,2,Crimes Against Property,2,1,1049,1
351,447,2,2024-08-17,2024-08-16,1,Mysuru,8,Drug/Narcotic Offences,2,1,791,1
352,133,1,2026-01-04,2025-12-27,8,Dakshina Kannada,2,Crimes Against Property,1,1,243,1
353,741,1,2025-09-29,2025-09-25,4,Ballari (Bellary),4,Crimes Against Children,2,1,1304,1
354,873,2,2025-06-12,2025-04-29,44,Mandya,2,Crimes Against Property,1,1,1288,1
355,817,1,2025-08-13,2025-08-07,6,Shivamogga,6,Economic Offences,1,1,1437,1
356,393,1,2026-03-30,2026-03-09,21,Mysuru,7,Cyber Crimes,2,1,702,1
357,31,2,2024-02-06,2024-01-16,21,Belagavi (Belgaum),2,Crimes Against Property,2,1,44,1
358,995,1,2025-04-20,2025-03-27,24,Dharwad,5,Crimes Against SCs/STs,2,1,1016,1
359,821,1,2024-01-19,2024-01-16,3,Bengaluru Urban,1,Crimes Against Body,2,1,1443,1
360,158,1,2024-04-06,2024-01-16,81,Tumakuru,7,Cyber Crimes,2,1,285,1
361,11,1,2025-01-15,2025-01-08,7,Dakshina Kannada,2,Crimes Against Property,1,1,17,1
362,284,1,2024-04-11,2024-04-10,1,Chitradurga,6,Economic Offences,2,1,510,1
363,44,1,2024-05-21,2024-03-15,67,Tumakuru,2,Crimes Against Property,2,1,73,1
364,28,1,2026-02-05,2025-11-20,77,Mandya,3,Crimes Against Women,2,1,41,1
365,697,1,2025-06-04,2025-05-29,6,Mysuru,1,Crimes Against Body,1,1,1232,1
366,204,1,2025-11-27,2025-11-26,1,Bengaluru Urban,6,Economic Offences,2,1,371,1
367,150,1,2025-03-17,2025-02-16,29,Belagavi (Belgaum),1,Crimes Against Body,2,1,272,1
368,465,1,2024-08-20,2024-07-31,20,Dakshina Kannada,4,Crimes Against Children,1,1,819,1
369,9,1,2026-02-27,2025-10-24,126,Bengaluru Urban,3,Crimes Against Women,2,1,14,1
370,784,1,2025-09-14,2025-08-17,28,Bengaluru Urban,13,Crimes Related to Documents/Property,2,1,1369,1
371,983,1,2024-09-18,2024-09-12,6,Bengaluru Urban,8,Drug/Narcotic Offences,1,1,302,1
372,715,1,2025-06-13,2025-06-09,4,Tumakuru,1,Crimes Against Body,2,1,1266,1
373,938,1,2025-03-20,2025-03-14,6,Bengaluru Urban,2,Crimes Against Property,2,1,866,1
374,599,1,2024-03-29,2024-01-15,74,Chamarajanagara,1,Crimes Against Body,3,1,1068,1
375,548,1,2026-07-05,2026-07-04,1,Bengaluru Urban,12,Environmental Offences,2,1,971,1
376,94,1,2025-05-07,2025-04-27,10,Bidar,1,Crimes Against Body,2,1,163,1
377,497,1,2025-11-04,2025-11-01,3,Bengaluru Urban,2,Crimes Against Property,2,1,866,1
378,193,1,2026-03-02,2025-11-03,119,Kalaburagi (Gulbarga),15,Other IPC Crimes,2,1,352,0
379,294,1,2025-04-27,2025-04-06,21,Raichur,2,Crimes Against Property,2,1,525,1
380,388,1,2024-08-10,2024-08-05,5,Vijayanagara,8,Drug/Narcotic Offences,2,1,690,1
381,372,2,2026-01-19,2025-09-10,131,Haveri,2,Crimes Against Property,2,1,666,1
382,322,1,2025-08-27,2025-08-25,2,Kodagu,2,Crimes Against Property,2,1,575,1
383,675,1,2025-08-20,2025-08-03,17,Bidar,8,Drug/Narcotic Offences,2,1,1198,1
384,657,2,2024-06-05,2024-02-21,105,Udupi,3,Crimes Against Women,2,1,1166,1
385,779,1,2026-03-11,2026-03-06,5,Mysuru,10,Crimes Against Public Order,2,1,1361,1
386,626,2,2026-02-18,2026-02-15,3,Bengaluru Urban,1,Crimes Against Body,1,1,1115,1
387,112,1,2025-03-12,2024-11-28,104,Bengaluru Urban,2,Crimes Against Property,2,1,198,1
388,550,1,2025-01-23,2025-01-18,5,Bengaluru Urban,3,Crimes Against Women,2,1,973,1
389,727,2,2024-08-24,2024-08-23,1,Bengaluru Urban,12,Environmental Offences,2,1,1285,1
390,575,1,2024-09-27,2024-09-20,7,Udupi,2,Crimes Against Property,3,1,1023,1
391,843,1,2026-07-21,2026-06-26,25,Bengaluru Urban,3,Crimes Against Women,2,1,1472,1
392,504,1,2024-05-11,2024-05-07,4,Dakshina Kannada,6,Economic Offences,2,1,877,1
393,703,1,2024-11-20,2024-11-07,13,Bengaluru Urban,6,Economic Offences,2,1,1242,1
394,488,1,2025-10-15,2025-10-14,1,Bengaluru Urban,2,Crimes Against Property,3,1,854,1
395,48,2,2024-04-28,2024-02-16,72,Belagavi (Belgaum),15,Other IPC Crimes,2,1,80,1
396,527,2,2025-07-26,2025-05-16,71,Mysuru,2,Crimes Against Property,3,1,924,1
397,39,1,2025-06-10,2025-05-17,24,Davanagere,1,Crimes Against Body,1,1,64,1
398,629,1,2025-09-01,2025-06-09,84,Vijayapura,3,Crimes Against Women,2,1,1120,1
399,191,1,2025-01-12,2024-12-13,30,Bengaluru Urban,8,Drug/Narcotic Offences,2,1,349,1
400,532,1,2024-12-05,2024-06-16,172,Gadag,3,Crimes Against Women,3,1,934,1
401,916,1,2026-01-06,2026-01-05,1,Gadag,3,Crimes Against Women,3,1,548,1
402,932,1,2025-11-24,2025-11-22,2,Gadag,3,Crimes Against Women,2,1,1250,1
403,787,1,2024-06-03,2024-05-01,33,Raichur,8,Drug/Narcotic Offences,2,1,1374,1
404,328,1,2025-12-30,2025-12-23,7,Mysuru,2,Crimes Against Property,2,1,584,1
405,219,1,2025-04-12,2025-03-21,22,Bidar,7,Cyber Crimes,2,1,398,1
406,281,2,2024-08-29,2024-08-03,26,Chamarajanagara,8,Drug/Narcotic Offences,2,1,504,1
407,696,1,2025-09-03,2025-08-15,19,Uttara Kannada,1,Crimes Against Body,2,1,1231,1
408,636,1,2024-07-19,2024-05-27,53,Belagavi (Belgaum),11,Traffic Related Offences,3,1,1130,1
409,907,1,2024-06-11,2024-06-09,2,Chikkaballapura,13,Crimes Related to Documents/Property,2,1,201,1
410,953,1,2024-08-21,2024-08-18,3,Tumakuru,1,Crimes Against Body,2,1,164,1
411,711,1,2025-04-10,2025-04-07,3,Bengaluru Urban,2,Crimes Against Property,1,1,1259,1
412,637,2,2025-09-06,2025-08-20,17,Mysuru,6,Economic Offences,2,1,1131,1
413,272,1,2024-02-05,2024-01-10,26,Ramanagara,1,Crimes Against Body,2,1,488,1
414,944,1,2024-09-25,2024-08-17,39,Kalaburagi (Gulbarga),1,Crimes Against Body,1,1,17,1
415,946,1,2024-11-23,2024-10-26,28,Shivamogga,7,Cyber Crimes,3,1,779,1
416,111,2,2026-06-27,2026-06-21,6,Tumakuru,4,Crimes Against Children,2,1,196,1
417,68,1,2026-01-08,2026-01-06,2,Bengaluru Urban,1,Crimes Against Body,2,1,107,1
418,227,1,2025-07-04,2025-06-17,17,Bengaluru Urban,1,Crimes Against Body,2,1,411,1
419,309,1,2024-05-24,2024-05-21,3,Mysuru,3,Crimes Against Women,2,1,552,1
420,231,2,2026-05-06,2026-04-24,12,Belagavi (Belgaum),2,Crimes Against Property,2,1,419,1
421,474,1,2025-11-25,2025-11-19,6,Bengaluru Urban,6,Economic Offences,2,1,832,1
422,469,2,2024-03-30,2024-03-24,6,Bengaluru Urban,2,Crimes Against Property,2,1,825,1
423,638,1,2026-06-18,2026-05-11,38,Raichur,11,Traffic Related Offences,2,1,1133,1
424,676,1,2025-11-11,2025-10-07,35,Haveri,2,Crimes Against Property,1,1,1199,1
425,253,1,2025-03-13,2025-02-26,15,Tumakuru,8,Drug/Narcotic Offences,2,1,455,1
426,701,1,2024-06-04,2024-04-09,56,Mysuru,11,Traffic Related Offences,2,1,1239,1
427,415,1,2026-03-27,2025-12-08,109,Davanagere,3,Crimes Against Women,2,1,735,1
428,312,1,2026-02-14,2026-02-05,9,Bengaluru Urban,3,Crimes Against Women,1,1,557,1
429,864,2,2026-02-20,2025-11-26,86,Haveri,2,Crimes Against Property,2,1,17,1
430,180,1,2025-11-05,2025-10-29,7,Haveri,11,Traffic Related Offences,2,1,330,1
431,770,1,2026-07-07,2026-02-04,153,Mandya,2,Crimes Against Property,3,1,1349,1
432,318,1,2026-06-08,2026-05-19,20,Kolar,6,Economic Offences,3,1,568,1
433,807,1,2025-01-22,2025-01-08,14,Bengaluru Urban,1,Crimes Against Body,2,1,1419,1
434,283,1,2024-07-30,2024-06-07,53,Raichur,2,Crimes Against Property,1,1,508,1
435,720,2,2025-09-01,2025-08-29,3,Raichur,2,Crimes Against Property,2,1,1273,1
436,709,2,2025-07-12,2025-07-02,10,Vijayapura,4,Crimes Against Children,3,1,1257,1
437,230,1,2026-04-22,2026-03-29,24,Dakshina Kannada,12,Environmental Offences,1,1,417,1
438,630,1,2024-02-16,2024-01-29,18,Shivamogga,3,Crimes Against Women,2,1,1122,1
439,265,1,2024-09-03,2024-08-17,17,Udupi,1,Crimes Against Body,2,1,476,1
440,973,1,2026-06-01,2026-05-08,24,Dakshina Kannada,2,Crimes Against Property,2,1,1358,1
441,749,1,2024-12-24,2024-12-17,7,Bengaluru Urban,8,Drug/Narcotic Offences,2,1,1314,1
442,87,1,2026-07-24,2026-06-24,30,Bengaluru Rural,3,Crimes Against Women,1,1,146,0
443,894,1,2026-08-01,2026-07-14,18,Udupi,10,Crimes Against Public Order,1,1,1487,1
444,602,1,2025-09-26,2025-08-23,34,Chikkamagaluru,3,Crimes Against Women,2,1,1072,1
445,57,1,2024-07-08,2024-07-07,1,Bengaluru Urban,7,Cyber Crimes,2,1,94,1
446,688,2,2024-09-23,2024-07-15,70,Bengaluru Urban,3,Crimes Against Women,2,1,1218,1
447,712,1,2024-08-20,2024-08-07,13,Hassan,1,Crimes Against Body,2,1,1261,1
448,362,1,2024-12-18,2024-11-20,28,Belagavi (Belgaum),6,Economic Offences,2,1,645,1
449,972,1,2024-04-19,2024-04-01,18,Haveri,10,Crimes Against Public Order,2,1,764,1
450,343,1,2025-12-29,2025-10-09,81,Bengaluru Urban,7,Cyber Crimes,1,1,612,1
451,520,1,2024-07-26,2024-07-06,20,Bengaluru Urban,7,Cyber Crimes,2,1,910,1
452,603,1,2025-08-08,2025-08-02,6,Bengaluru Urban,1,Crimes Against Body,1,1,1074,1
453,80,1,2026-07-21,2026-06-25,26,Mandya,10,Crimes Against Public Order,2,1,133,1
454,761,1,2026-07-01,2026-04-10,82,Bengaluru Rural,3,Crimes Against Women,2,1,1334,1
455,250,1,2025-02-25,2024-09-21,157,Bengaluru Urban,3,Crimes Against Women,2,1,452,1
456,855,1,2025-05-16,2025-05-11,5,Bengaluru Urban,2,Crimes Against Property,2,1,1498,1
457,100,1,2025-11-30,2025-09-12,79,Bengaluru Urban,2,Crimes Against Property,2,1,174,1
458,569,1,2025-04-09,2025-03-19,21,Bengaluru Urban,11,Traffic Related Offences,2,1,1013,1
459,951,2,2024-06-11,2024-06-05,6,Bengaluru Urban,1,Crimes Against Body,2,1,485,1
460,392,2,2026-02-21,2026-02-01,20,Mysuru,15,Other IPC Crimes,2,1,701,1
461,717,2,2025-03-23,2025-01-06,76,Ballari (Bellary),11,Traffic Related Offences,2,1,1269,1
462,2,1,2025-08-14,2025-08-07,7,Koppal,4,Crimes Against Children,2,1,2,1
463,156,1,2025-11-11,2025-11-06,5,Bengaluru Urban,3,Crimes Against Women,2,1,282,1
464,342,1,2025-05-26,2025-04-27,29,Bengaluru Urban,3,Crimes Against Women,2,1,611,1
465,772,1,2026-08-08,2026-07-15,24,Dharwad,6,Economic Offences,2,1,1351,1
466,544,1,2024-08-07,2024-08-01,6,Chikkamagaluru,4,Crimes Against Children,2,1,955,1
467,121,2,2024-02-25,2024-02-19,6,Bengaluru Urban,1,Crimes Against Body,2,1,224,1
468,775,1,2025-08-09,2025-08-04,5,Kolar,7,Cyber Crimes,2,1,1356,1
469,628,1,2024-05-10,2024-04-26,14,Vijayapura,6,Economic Offences,1,1,1119,1
470,483,2,2025-07-25,2025-06-19,36,Uttara Kannada,7,Cyber Crimes,2,1,847,1
471,356,1,2026-05-15,2026-03-25,51,Mysuru,2,Crimes Against Property,2,1,634,1
472,175,1,2024-03-30,2024-03-12,18,Bidar,10,Crimes Against Public Order,1,1,322,1
473,394,1,2024-05-23,2024-02-25,88,Raichur,12,Environmental Offences,2,1,704,1
474,662,2,2026-07-21,2026-07-09,12,Bengaluru Urban,2,Crimes Against Property,1,1,1178,1
475,428,1,2025-02-27,2024-12-24,65,Udupi,4,Crimes Against Children,2,1,761,1
476,952,1,2025-11-08,2025-07-07,124,Mysuru,2,Crimes Against Property,2,1,498,1
477,661,2,2025-09-20,2025-09-16,4,Udupi,3,Crimes Against Women,2,1,1173,1
478,209,2,2025-11-25,2025-11-22,3,Uttara Kannada,8,Drug/Narcotic Offences,2,1,386,1
479,647,1,2025-08-26,2025-08-15,11,Koppal,10,Crimes Against Public Order,2,1,1148,1
480,872,1,2025-07-04,2025-06-11,23,Ballari (Bellary),2,Crimes Against Property,2,1,380,1
481,13,1,2024-04-14,2024-03-21,24,Kalaburagi (Gulbarga),3,Crimes Against Women,2,1,20,1
482,248,1,2025-09-30,2025-09-23,7,Udupi,1,Crimes Against Body,1,1,450,1
483,906,1,2024-01-14,2024-01-03,11,Chikkaballapura,6,Economic Offences,2,1,76,1
484,965,1,2024-03-16,2024-03-08,8,Chikkamagaluru,11,Traffic Related Offences,2,1,1157,1
485,338,1,2025-07-19,2025-07-17,2,Bengaluru Urban,6,Economic Offences,3,1,603,1
486,379,1,2025-02-26,2024-12-22,66,Dakshina Kannada,1,Crimes Against Body,2,1,677,1
487,594,1,2025-12-06,2025-12-05,1,Mandya,1,Crimes Against Body,3,1,1060,1
488,466,1,2025-07-07,2025-05-27,41,Bengaluru Urban,7,Cyber Crimes,2,1,820,1
489,292,2,2024-05-06,2024-04-30,6,Dakshina Kannada,1,Crimes Against Body,2,1,521,1
490,198,1,2025-11-03,2025-10-31,3,Vijayapura,6,Economic Offences,2,1,360,1
491,254,1,2025-11-19,2025-10-28,22,Kalaburagi (Gulbarga),2,Crimes Against Property,2,1,456,1
492,237,1,2024-08-26,2024-08-20,6,Mysuru,2,Crimes Against Property,2,1,426,1
493,812,2,2024-06-22,2024-05-13,40,Bagalkote,11,Traffic Related Offences,3,1,1429,1
494,732,2,2025-06-09,2025-05-17,23,Belagavi (Belgaum),8,Drug/Narcotic Offences,2,1,1291,1
495,747,1,2026-08-12,2026-07-20,23,Kodagu,2,Crimes Against Property,2,1,1312,1
496,746,1,2026-01-27,2026-01-22,5,Dharwad,1,Crimes Against Body,1,1,1311,1
497,903,1,2025-07-29,2025-07-14,15,Bengaluru Urban,2,Crimes Against Property,2,1,1210,1
498,912,1,2024-04-11,2024-04-04,7,Bagalkote,11,Traffic Related Offences,3,1,952,1
499,1000,1,2025-06-15,2025-06-13,2,Mysuru,3,Crimes Against Women,2,1,1386,1
500,54,2,2025-05-14,2025-04-21,23,Bengaluru Urban,5,Crimes Against SCs/STs,1,1,90,1
501,435,1,2025-06-14,2025-03-29,77,Bengaluru Urban,8,Drug/Narcotic Offences,1,1,771,1
502,244,1,2024-10-15,2024-07-22,85,Bengaluru Urban,8,Drug/Narcotic Offences,2,1,443,1
503,33,2,2025-09-08,2025-09-01,7,Bengaluru Urban,2,Crimes Against Property,2,1,47,1
504,329,2,2026-01-13,2025-11-20,54,Bengaluru Urban,2,Crimes Against Property,2,1,585,1
505,246,1,2025-10-03,2025-09-07,26,Gadag,6,Economic Offences,1,1,445,1
506,796,1,2025-11-23,2025-10-30,24,Dharwad,2,Crimes Against Property,2,1,1393,1
507,189,1,2024-06-27,2024-06-21,6,Bengaluru Urban,7,Cyber Crimes,2,1,345,1
508,525,2,2026-01-14,2025-12-14,31,Mysuru,2,Crimes Against Property,2,1,921,1
509,964,1,2024-10-01,2024-09-27,4,Ballari (Bellary),2,Crimes Against Property,2,1,1280,1
510,344,1,2025-09-16,2025-08-20,27,Gadag,2,Crimes Against Property,2,1,614,1
511,823,1,2026-01-31,2026-01-25,6,Bengaluru Urban,2,Crimes Against Property,2,1,1445,1
512,649,1,2024-09-24,2024-09-22,2,Bengaluru Urban,3,Crimes Against Women,3,1,1150,1
513,77,1,2025-05-09,2025-01-17,112,Bengaluru Urban,2,Crimes Against Property,2,1,126,1
514,814,1,2024-11-22,2024-11-17,5,Mysuru,1,Crimes Against Body,1,1,1432,1
515,640,1,2025-07-13,2025-04-20,84,Yadgir,8,Drug/Narcotic Offences,2,1,1136,1
516,260,1,2025-10-12,2025-09-28,14,Belagavi (Belgaum),7,Cyber Crimes,2,1,467,1
517,777,1,2025-10-28,2025-10-13,15,Chamarajanagara,1,Crimes Against Body,3,1,1359,1
518,989,1,2024-07-01,2024-05-10,52,Bengaluru Urban,8,Drug/Narcotic Offences,2,1,698,1
519,616,1,2024-09-26,2024-07-06,82,Kalaburagi (Gulbarga),7,Cyber Crimes,2,1,1097,1
520,85,2,2026-07-10,2026-07-02,8,Chamarajanagara,2,Crimes Against Property,2,1,142,0
521,604,1,2024-09-17,2024-08-27,21,Mysuru,1,Crimes Against Body,2,1,1075,1
522,620,1,2024-09-25,2024-09-13,12,Chikkaballapura,1,Crimes Against Body,2,1,1107,1
523,568,1,2026-06-24,2026-05-04,51,Dakshina Kannada,1,Crimes Against Body,1,1,1012,1
524,860,1,2026-01-13,2025-12-20,24,Koppal,2,Crimes Against Property,2,1,323,1
525,426,1,2024-06-05,2024-05-29,7,Vijayanagara,2,Crimes Against Property,2,1,759,1
526,208,1,2024-06-20,2024-06-15,5,Bengaluru Urban,6,Economic Offences,2,1,382,1
527,223,1,2024-01-25,2024-01-07,18,Dakshina Kannada,2,Crimes Against Property,2,1,404,1
528,962,1,2026-05-05,2026-04-29,6,Bengaluru Urban,2,Crimes Against Property,2,1,751,1
529,612,1,2025-08-01,2025-07-20,12,Bengaluru Urban,8,Drug/Narcotic Offences,1,1,1090,1
530,896,1,2024-06-19,2024-06-11,8,Bengaluru Urban,1,Crimes Against Body,3,1,831,1
531,245,1,2024-06-02,2024-06-01,1,Gadag,6,Economic Offences,2,1,444,1
532,178,1,2024-11-03,2024-08-05,90,Davanagere,15,Other IPC Crimes,2,1,328,1
533,941,2,2025-06-29,2025-06-27,2,Bengaluru Urban,7,Cyber Crimes,2,1,1096,1
534,539,1,2025-05-10,2025-05-07,3,Gadag,8,Drug/Narcotic Offences,2,1,945,1
535,555,1,2026-08-03,2026-07-16,18,Bengaluru Urban,3,Crimes Against Women,1,1,985,1
536,898,1,2026-01-06,2025-12-14,23,Bengaluru Urban,1,Crimes Against Body,2,1,271,1
537,95,1,2025-10-11,2025-10-10,1,Bengaluru Urban,11,Traffic Related Offences,1,1,164,1
538,5,1,2026-06-11,2026-06-03,8,Bengaluru Urban,1,Crimes Against Body,1,1,7,1
539,21,1,2025-02-10,2025-01-30,11,Bengaluru Urban,2,Crimes Against Property,3,1,33,1
540,846,2,2024-07-27,2024-05-16,72,Bengaluru Urban,7,Cyber Crimes,2,1,1477,0
541,994,1,2024-05-24,2024-03-25,60,Tumakuru,2,Crimes Against Property,1,1,376,1
542,424,1,2024-08-19,2024-08-06,13,Bengaluru Urban,11,Traffic Related Offences,2,1,753,1
543,364,1,2026-07-02,2026-06-26,6,Uttara Kannada,2,Crimes Against Property,2,1,648,1
544,412,1,2026-01-05,2025-12-23,13,Mysuru,8,Drug/Narcotic Offences,2,1,731,1
545,687,2,2025-04-16,2025-02-05,70,Mysuru,2,Crimes Against Property,3,1,1217,1
546,98,1,2025-06-26,2025-06-22,4,Bengaluru Urban,3,Crimes Against Women,1,1,171,1
547,202,1,2025-12-12,2025-10-28,45,Mysuru,2,Crimes Against Property,2,1,368,1
548,658,2,2026-12-12,2026-06-24,171,Dakshina Kannada,2,Crimes Against Property,1,1,1167,1
549,170,1,2025-03-11,2025-02-22,17,Bengaluru Urban,8,Drug/Narcotic Offences,2,1,310,1
550,126,1,2024-03-05,2024-03-01,4,Bengaluru Urban,10,Crimes Against Public Order,2,1,232,1
551,477,2,2024-07-25,2024-04-13,103,Vijayapura,1,Crimes Against Body,2,1,836,1
552,678,1,2025-06-01,2025-05-30,2,Mysuru,3,Crimes Against Women,2,1,1202,1
553,280,1,2024-09-02,2024-06-07,87,Kalaburagi (Gulbarga),3,Crimes Against Women,2,1,501,1
554,172,1,2026-04-29,2026-04-24,5,Uttara Kannada,4,Crimes Against Children,2,1,314,1
555,164,1,2025-02-04,2024-11-17,79,Chamarajanagara,2,Crimes Against Property,1,1,293,1
556,273,1,2026-09-08,2026-04-25,136,Yadgir,11,Traffic Related Offences,2,1,490,1
557,374,1,2024-04-22,2024-04-07,15,Bengaluru Urban,2,Crimes Against Property,3,1,670,1
558,852,1,2026-07-12,2026-05-02,71,Bengaluru Urban,1,Crimes Against Body,2,1,1488,1
559,515,1,2025-03-30,2025-03-07,23,Bengaluru Urban,11,Traffic Related Offences,2,1,898,1
560,184,2,2025-04-07,2025-04-05,2,Dakshina Kannada,3,Crimes Against Women,1,1,334,1
561,748,1,2025-10-18,2025-08-12,67,Bengaluru Urban,7,Cyber Crimes,1,1,1313,1
562,353,1,2025-08-02,2025-07-31,2,Ballari (Bellary),11,Traffic Related Offences,2,1,628,1
563,708,1,2024-07-24,2024-07-22,2,Bidar,3,Crimes Against Women,2,1,1255,1
564,396,1,2024-11-04,2024-10-28,7,Bengaluru Rural,10,Crimes Against Public Order,1,1,708,1
565,690,1,2025-07-14,2025-07-10,4,Mysuru,2,Crimes Against Property,1,1,1223,1
566,799,1,2025-04-26,2025-04-25,1,Uttara Kannada,2,Crimes Against Property,2,1,1398,1
567,528,1,2024-08-13,2024-06-12,62,Bengaluru Urban,6,Economic Offences,2,1,926,1
568,719,1,2026-08-21,2026-04-18,125,Chikkamagaluru,2,Crimes Against Property,1,1,1271,1
569,323,1,2025-05-07,2025-05-04,3,Dakshina Kannada,2,Crimes Against Property,3,1,576,1
570,102,1,2026-02-03,2026-01-29,5,Bidar,11,Traffic Related Offences,2,1,176,1
571,349,1,2024-12-29,2024-10-03,87,Bengaluru Urban,7,Cyber Crimes,1,1,621,1
572,664,2,2025-11-17,2025-08-10,99,Kodagu,13,Crimes Related to Documents/Property,2,1,1182,1
573,597,1,2024-12-04,2024-11-23,11,Dakshina Kannada,2,Crimes Against Property,2,1,1064,1
574,977,1,2026-03-23,2025-10-31,143,Bengaluru Urban,2,Crimes Against Property,1,1,841,1
575,641,1,2024-11-14,2024-09-02,73,Mandya,7,Cyber Crimes,2,1,1137,1
576,131,1,2026-01-10,2025-12-31,10,Mysuru,3,Crimes Against Women,2,1,241,1
577,264,1,2025-04-01,2025-01-18,73,Kalaburagi (Gulbarga),2,Crimes Against Property,3,1,475,1
578,598,1,2026-06-26,2026-06-05,21,Tumakuru,6,Economic Offences,2,1,1065,1
579,397,1,2024-10-21,2024-10-10,11,Mysuru,10,Crimes Against Public Order,2,1,710,1
580,337,1,2025-11-06,2025-11-01,5,Bengaluru Urban,1,Crimes Against Body,2,1,601,1
581,552,1,2024-01-26,2024-01-05,21,Bidar,8,Drug/Narcotic Offences,2,1,976,1
582,355,2,2025-06-05,2025-03-01,96,Tumakuru,1,Crimes Against Body,2,1,632,0
583,936,1,2025-12-15,2025-12-11,4,Mysuru,2,Crimes Against Property,3,1,982,1
584,510,1,2025-08-24,2025-08-18,6,Uttara Kannada,3,Crimes Against Women,1,1,885,1
585,330,1,2025-05-16,2025-05-08,8,Mysuru,4,Crimes Against Children,2,1,590,1
586,500,1,2025-08-15,2025-03-11,157,Yadgir,4,Crimes Against Children,3,1,870,1
587,445,1,2025-12-27,2025-12-17,10,Bengaluru Urban,6,Economic Offences,2,1,787,1
588,625,1,2024-11-22,2024-11-03,19,Bengaluru Urban,1,Crimes Against Body,1,1,1114,1
589,243,1,2024-12-25,2024-12-06,19,Bagalkote,2,Crimes Against Property,1,1,441,1
590,886,1,2025-12-19,2025-11-27,22,Bengaluru Urban,2,Crimes Against Property,1,1,1475,1
591,915,2,2024-07-09,2024-07-06,3,Chikkamagaluru,11,Traffic Related Offences,1,1,962,1
592,882,1,2024-09-24,2024-09-13,11,Bengaluru Urban,14,Sexual Offences,3,1,222,1
593,15,1,2025-10-31,2025-10-26,5,Bengaluru Urban,2,Crimes Against Property,1,1,22,1
594,857,1,2024-08-24,2024-08-17,7,Bengaluru Urban,3,Crimes Against Women,1,1,1348,1
595,531,1,2025-07-09,2025-07-03,6,Ramanagara,2,Crimes Against Property,1,1,931,1
596,3,1,2024-06-19,2024-06-15,4,Shivamogga,2,Crimes Against Property,2,1,4,1
597,800,1,2026-03-03,2026-02-26,5,Bengaluru Urban,1,Crimes Against Body,1,1,1400,1
598,463,1,2024-03-28,2024-02-27,30,Udupi,7,Cyber Crimes,3,1,817,0
599,827,1,2024-10-24,2024-10-01,23,Ballari (Bellary),2,Crimes Against Property,2,1,1451,1
600,521,1,2024-03-13,2024-03-09,4,Bengaluru Rural,10,Crimes Against Public Order,3,1,911,1
