id,from_account_id,to_account_id,amount,timestamp,type,description,flagged,pattern
TX_99,BANK_7,BANK_49,18731,2023-01-01T19:41:27.772Z,NEFT,Transfer,,NORMAL
TX_184,BANK_13,BANK_42,17141,2023-01-04T17:21:10.277Z,UPI,Transfer,,NORMAL
TX_337,BANK_70,BANK_85,37134,2023-01-07T02:43:34.613Z,UPI,Transfer,,NORMAL
TX_198,BANK_61,BANK_49,49154,2023-01-08T11:17:44.434Z,NEFT,Transfer,,NORMAL
TX_388,BANK_67,BANK_18,25423,2023-01-10T18:40:09.467Z,UPI,Transfer,,NORMAL
TX_333,BANK_73,BANK_38,42510,2023-01-11T20:47:40.196Z,UPI,Transfer,,NORMAL
TX_78,BANK_48,BANK_71,13008,2023-01-13T14:18:48.267Z,NEFT,Transfer,,NORMAL
TX_117,BANK_8,BANK_76,31881,2023-01-15T18:28:48.748Z,NEFT,Transfer,,NORMAL
TX_243,BANK_55,BANK_87,4699,2023-01-21T06:07:57.669Z,NEFT,Transfer,,NORMAL
TX_15,BANK_79,BANK_87,43157,2023-01-21T11:10:39.169Z,UPI,Transfer,,NORMAL
TX_210,BANK_29,BANK_70,11234,2023-01-22T03:07:19.142Z,UPI,Transfer,,NORMAL
TX_208,BANK_28,BANK_30,4242,2023-01-27T23:21:04.009Z,NEFT,Transfer,,NORMAL
TX_371,BANK_56,BANK_87,24491,2023-01-31T00:39:49.701Z,UPI,Transfer,,NORMAL
TX_391,BANK_78,BANK_18,34816,2023-02-02T00:34:22.341Z,NEFT,Transfer,,NORMAL
TX_162,BANK_64,BANK_34,10324,2023-02-02T07:55:01.264Z,NEFT,Transfer,,NORMAL
TX_324,BANK_48,BANK_39,40766,2023-02-02T22:05:15.280Z,UPI,Transfer,,NORMAL
TX_319,BANK_17,BANK_39,43280,2023-02-04T15:13:27.647Z,NEFT,Transfer,,NORMAL
TX_152,BANK_89,BANK_81,25121,2023-02-06T08:40:44.793Z,NEFT,Transfer,,NORMAL
TX_307,BANK_15,BANK_18,11008,2023-02-06T17:56:02.260Z,NEFT,Transfer,,NORMAL
TX_359,BANK_17,BANK_84,36148,2023-02-09T17:13:28.546Z,NEFT,Transfer,,NORMAL
TX_377,BANK_25,BANK_66,1619,2023-02-09T23:10:35.448Z,UPI,Transfer,,NORMAL
TX_47,BANK_39,BANK_14,26870,2023-02-12T16:01:00.648Z,UPI,Transfer,,NORMAL
TX_383,BANK_89,BANK_40,32776,2023-02-12T16:25:34.742Z,UPI,Transfer,,NORMAL
TX_274,BANK_38,BANK_96,28623,2023-02-13T21:51:37.448Z,UPI,Transfer,,NORMAL
TX_29,BANK_85,BANK_41,11472,2023-02-13T23:54:15.800Z,NEFT,Transfer,,NORMAL
TX_169,BANK_27,BANK_7,1284,2023-02-17T19:41:58.968Z,NEFT,Transfer,,NORMAL
TX_314,BANK_22,BANK_40,1310,2023-02-19T18:46:26.811Z,NEFT,Transfer,,NORMAL
TX_236,BANK_73,BANK_88,3647,2023-02-21T01:07:31.000Z,NEFT,Transfer,,NORMAL
TX_363,BANK_65,BANK_86,11144,2023-02-23T09:58:54.976Z,NEFT,Transfer,,NORMAL
TX_150,BANK_43,BANK_38,46188,2023-02-23T21:20:13.000Z,UPI,Transfer,,NORMAL
TX_392,BANK_24,BANK_3,21842,2023-03-13T16:58:34.101Z,UPI,Transfer,,NORMAL
TX_158,BANK_9,BANK_15,1330,2023-03-16T17:51:07.239Z,NEFT,Transfer,,NORMAL
TX_164,BANK_43,BANK_68,24839,2023-03-18T14:17:58.109Z,NEFT,Transfer,,NORMAL
TX_18,BANK_9,BANK_5,41188,2023-03-21T13:17:29.551Z,UPI,Transfer,,NORMAL
TX_181,BANK_10,BANK_60,19150,2023-03-23T07:28:36.248Z,NEFT,Transfer,,NORMAL
TX_45,BANK_16,BANK_52,22656,2023-04-11T18:19:42.314Z,NEFT,Transfer,,NORMAL
TX_315,BANK_79,BANK_93,43389,2023-04-13T19:55:07.295Z,NEFT,Transfer,,NORMAL
TX_139,BANK_41,BANK_92,41595,2023-04-14T08:18:27.826Z,NEFT,Transfer,,NORMAL
TX_367,BANK_76,BANK_18,17773,2023-04-14T10:07:34.336Z,NEFT,Transfer,,NORMAL
TX_105,BANK_92,BANK_95,20558,2023-04-15T04:16:11.195Z,NEFT,Transfer,,NORMAL
TX_213,BANK_32,BANK_11,292,2023-04-23T01:25:45.025Z,NEFT,Transfer,,NORMAL
TX_393,BANK_97,BANK_13,19524,2023-04-24T07:16:01.461Z,UPI,Transfer,,NORMAL
TX_320,BANK_86,BANK_48,3310,2023-05-01T20:35:57.161Z,UPI,Transfer,,NORMAL
TX_75,BANK_97,BANK_73,20278,2023-05-02T14:16:08.510Z,NEFT,Transfer,,NORMAL
TX_255,BANK_66,BANK_71,15437,2023-05-06T15:37:22.942Z,NEFT,Transfer,,NORMAL
TX_311,BANK_86,BANK_82,7675,2023-05-09T18:28:11.787Z,NEFT,Transfer,,NORMAL
TX_254,BANK_15,BANK_46,45962,2023-05-12T08:28:48.546Z,UPI,Transfer,,NORMAL
TX_179,BANK_96,BANK_63,38859,2023-05-14T20:25:53.956Z,NEFT,Transfer,,NORMAL
TX_104,BANK_76,BANK_15,35221,2023-05-18T01:57:20.675Z,NEFT,Transfer,,NORMAL
TX_398,BANK_52,BANK_8,30914,2023-05-19T08:44:12.697Z,NEFT,Transfer,,NORMAL
TX_239,BANK_75,BANK_15,16545,2023-05-23T02:44:55.014Z,NEFT,Transfer,,NORMAL
TX_401,BANK_1,BANK_2,49061,2023-05-31T18:30:00.000Z,NEFT,Consulting Fee,1,STRUCTURING
TX_402,BANK_1,BANK_2,49161,2023-05-31T20:30:00.000Z,NEFT,Consulting Fee,1,STRUCTURING
TX_403,BANK_1,BANK_2,49185,2023-05-31T22:30:00.000Z,NEFT,Consulting Fee,1,STRUCTURING
TX_404,BANK_1,BANK_2,49399,2023-06-01T00:30:00.000Z,NEFT,Consulting Fee,1,STRUCTURING
TX_405,BANK_1,BANK_2,49477,2023-06-01T02:30:00.000Z,NEFT,Consulting Fee,1,STRUCTURING
TX_406,BANK_1,BANK_2,49385,2023-06-01T04:30:00.000Z,NEFT,Consulting Fee,1,STRUCTURING
TX_407,BANK_1,BANK_2,49125,2023-06-01T06:30:00.000Z,NEFT,Consulting Fee,1,STRUCTURING
TX_408,BANK_1,BANK_2,49064,2023-06-01T08:30:00.000Z,NEFT,Consulting Fee,1,STRUCTURING
TX_409,BANK_1,BANK_2,49179,2023-06-01T10:30:00.000Z,NEFT,Consulting Fee,1,STRUCTURING
TX_410,BANK_1,BANK_2,49422,2023-06-01T12:30:00.000Z,NEFT,Consulting Fee,1,STRUCTURING
TX_411,BANK_1,BANK_2,49292,2023-06-01T14:30:00.000Z,NEFT,Consulting Fee,1,STRUCTURING
TX_412,BANK_1,BANK_2,49167,2023-06-01T16:30:00.000Z,NEFT,Consulting Fee,1,STRUCTURING
TX_413,BANK_1,BANK_2,49113,2023-06-01T18:30:00.000Z,NEFT,Consulting Fee,1,STRUCTURING
TX_414,BANK_1,BANK_2,49428,2023-06-01T20:30:00.000Z,NEFT,Consulting Fee,1,STRUCTURING
TX_415,BANK_1,BANK_2,49368,2023-06-01T22:30:00.000Z,NEFT,Consulting Fee,1,STRUCTURING
TX_416,BANK_1,BANK_2,49237,2023-06-02T00:30:00.000Z,NEFT,Consulting Fee,1,STRUCTURING
TX_417,BANK_1,BANK_2,49005,2023-06-02T02:30:00.000Z,NEFT,Consulting Fee,1,STRUCTURING
TX_418,BANK_1,BANK_2,49304,2023-06-02T04:30:00.000Z,NEFT,Consulting Fee,1,STRUCTURING
TX_419,BANK_1,BANK_2,49329,2023-06-02T06:30:00.000Z,NEFT,Consulting Fee,1,STRUCTURING
TX_420,BANK_1,BANK_2,49298,2023-06-02T08:30:00.000Z,NEFT,Consulting Fee,1,STRUCTURING
TX_357,BANK_25,BANK_40,18548,2023-06-08T03:24:41.067Z,NEFT,Transfer,,NORMAL
TX_147,BANK_15,BANK_72,16507,2023-06-11T23:55:15.813Z,UPI,Transfer,,NORMAL
TX_276,BANK_58,BANK_47,22683,2023-06-19T01:50:09.322Z,UPI,Transfer,,NORMAL
TX_313,BANK_16,BANK_40,15481,2023-06-20T06:28:05.140Z,NEFT,Transfer,,NORMAL
TX_133,BANK_82,BANK_35,32256,2023-06-22T06:18:07.656Z,UPI,Transfer,,NORMAL
TX_16,BANK_39,BANK_14,11200,2023-06-23T03:22:32.312Z,UPI,Transfer,,NORMAL
TX_386,BANK_15,BANK_61,29193,2023-06-24T17:53:43.290Z,NEFT,Transfer,,NORMAL
TX_2,BANK_13,BANK_37,31036,2023-06-28T18:04:23.754Z,UPI,Transfer,,NORMAL
TX_175,BANK_7,BANK_22,33639,2023-06-30T06:19:03.303Z,NEFT,Transfer,,NORMAL
TX_63,BANK_24,BANK_33,18860,2023-07-03T12:21:58.015Z,NEFT,Transfer,,NORMAL
TX_322,BANK_38,BANK_18,19284,2023-07-03T14:28:56.779Z,NEFT,Transfer,,NORMAL
TX_157,BANK_66,BANK_2,17505,2023-07-03T15:55:42.945Z,NEFT,Transfer,,NORMAL
TX_86,BANK_13,BANK_19,42538,2023-07-05T17:11:44.964Z,NEFT,Transfer,,NORMAL
TX_277,BANK_67,BANK_43,15858,2023-07-08T02:16:47.119Z,UPI,Transfer,,NORMAL
TX_231,BANK_91,BANK_14,29354,2023-07-08T15:25:43.517Z,NEFT,Transfer,,NORMAL
TX_268,BANK_36,BANK_84,676,2023-07-10T01:57:41.974Z,NEFT,Transfer,,NORMAL
TX_161,BANK_7,BANK_28,48462,2023-07-15T21:58:01.799Z,NEFT,Transfer,,NORMAL
TX_286,BANK_76,BANK_31,35251,2023-07-17T17:09:50.776Z,UPI,Transfer,,NORMAL
TX_73,BANK_14,BANK_4,12203,2023-07-18T13:31:50.554Z,NEFT,Transfer,,NORMAL
TX_219,BANK_6,BANK_82,13228,2023-07-24T04:28:25.035Z,NEFT,Transfer,,NORMAL
TX_101,BANK_19,BANK_35,1399,2023-07-24T05:58:41.113Z,NEFT,Transfer,,NORMAL
TX_378,BANK_10,BANK_76,10049,2023-07-25T06:45:26.818Z,UPI,Transfer,,NORMAL
TX_76,BANK_85,BANK_74,30947,2023-07-27T20:35:16.064Z,NEFT,Transfer,,NORMAL
TX_171,BANK_54,BANK_29,25338,2023-08-02T09:26:45.872Z,UPI,Transfer,,NORMAL
TX_216,BANK_65,BANK_49,9758,2023-08-04T02:33:58.088Z,UPI,Transfer,,NORMAL
TX_39,BANK_100,BANK_6,35911,2023-08-08T16:15:42.784Z,NEFT,Transfer,,NORMAL
TX_284,BANK_82,BANK_49,43372,2023-08-09T04:57:16.736Z,NEFT,Transfer,,NORMAL
TX_200,BANK_93,BANK_20,36230,2023-08-10T06:35:02.690Z,UPI,Transfer,,NORMAL
TX_166,BANK_61,BANK_55,34451,2023-08-10T23:12:16.394Z,UPI,Transfer,,NORMAL
TX_25,BANK_89,BANK_72,16836,2023-08-11T14:53:22.640Z,NEFT,Transfer,,NORMAL
TX_193,BANK_4,BANK_88,32349,2023-08-19T00:13:18.448Z,NEFT,Transfer,,NORMAL
TX_72,BANK_4,BANK_95,38106,2023-08-24T19:43:59.474Z,UPI,Transfer,,NORMAL
TX_131,BANK_66,BANK_98,7719,2023-08-26T14:38:18.971Z,NEFT,Transfer,,NORMAL
TX_223,BANK_73,BANK_52,46936,2023-09-05T14:01:48.092Z,NEFT,Transfer,,NORMAL
TX_8,BANK_73,BANK_28,45787,2023-09-05T17:28:22.757Z,NEFT,Transfer,,NORMAL
TX_421,BANK_3,BANK_4,250000,2023-09-09T18:30:01.000Z,NEFT,Loan,1,CIRCULAR
TX_422,BANK_4,BANK_5,245000,2023-09-10T18:30:00.000Z,NEFT,Vendor Payment,1,CIRCULAR
TX_423,BANK_5,BANK_3,240000,2023-09-11T18:30:00.000Z,NEFT,Refund,1,CIRCULAR
TX_246,BANK_75,BANK_25,8195,2023-09-21T10:34:14.969Z,UPI,Transfer,,NORMAL
TX_22,BANK_13,BANK_38,43773,2023-09-27T05:20:55.608Z,NEFT,Transfer,,NORMAL
TX_395,BANK_12,BANK_18,29782,2023-09-30T13:19:17.102Z,UPI,Transfer,,NORMAL
TX_258,BANK_13,BANK_9,31615,2023-10-06T23:13:20.738Z,UPI,Transfer,,NORMAL
TX_136,BANK_93,BANK_61,8615,2023-10-06T23:16:28.315Z,NEFT,Transfer,,NORMAL
TX_335,BANK_83,BANK_97,9473,2023-10-07T12:09:59.861Z,UPI,Transfer,,NORMAL
TX_159,BANK_77,BANK_26,32596,2023-10-11T03:32:36.134Z,UPI,Transfer,,NORMAL
TX_84,BANK_68,BANK_86,15417,2023-10-16T21:14:15.452Z,NEFT,Transfer,,NORMAL
TX_93,BANK_25,BANK_6,48653,2023-10-22T01:30:11.525Z,UPI,Transfer,,NORMAL
TX_348,BANK_30,BANK_46,1449,2023-10-24T18:25:38.247Z,NEFT,Transfer,,NORMAL
TX_1,BANK_98,BANK_26,47661,2023-10-26T05:54:00.188Z,NEFT,Transfer,,NORMAL
TX_289,BANK_5,BANK_40,46931,2023-10-28T22:51:09.187Z,UPI,Transfer,,NORMAL
TX_170,BANK_20,BANK_34,33069,2023-11-07T08:04:23.876Z,NEFT,Transfer,,NORMAL
TX_271,BANK_20,BANK_84,28333,2023-11-11T06:18:25.733Z,UPI,Transfer,,NORMAL
TX_196,BANK_50,BANK_33,2591,2023-11-17T03:20:35.740Z,NEFT,Transfer,,NORMAL
TX_351,BANK_3,BANK_50,34108,2023-11-22T00:35:15.041Z,NEFT,Transfer,,NORMAL
TX_339,BANK_83,BANK_5,34510,2023-11-22T07:59:49.777Z,UPI,Transfer,,NORMAL
TX_3,BANK_84,BANK_54,11597,2023-11-24T23:20:48.898Z,NEFT,Transfer,,NORMAL
TX_342,BANK_24,BANK_90,26160,2023-11-30T13:21:45.377Z,NEFT,Transfer,,NORMAL
TX_217,BANK_34,BANK_80,4378,2023-12-05T21:27:28.607Z,UPI,Transfer,,NORMAL
TX_127,BANK_39,BANK_10,46249,2023-12-06T09:01:33.030Z,UPI,Transfer,,NORMAL
TX_308,BANK_68,BANK_63,26852,2023-12-09T06:44:57.756Z,UPI,Transfer,,NORMAL
TX_281,BANK_93,BANK_89,36506,2023-12-10T10:46:02.682Z,NEFT,Transfer,,NORMAL
TX_203,BANK_99,BANK_9,43454,2023-12-12T12:19:02.985Z,UPI,Transfer,,NORMAL
TX_354,BANK_30,BANK_18,50081,2023-12-13T07:38:06.761Z,NEFT,Transfer,,NORMAL
TX_59,BANK_87,BANK_7,37282,2023-12-15T07:36:05.059Z,NEFT,Transfer,,NORMAL
TX_263,BANK_17,BANK_30,20221,2023-12-18T05:48:26.559Z,UPI,Transfer,,NORMAL
TX_19,BANK_17,BANK_84,9705,2023-12-26T04:18:27.349Z,NEFT,Transfer,,NORMAL
TX_312,BANK_98,BANK_7,41627,2023-12-28T09:33:54.674Z,NEFT,Transfer,,NORMAL
TX_241,BANK_78,BANK_85,25219,2023-12-30T20:06:26.076Z,UPI,Transfer,,NORMAL
TX_303,BANK_30,BANK_27,27801,2024-01-01T14:39:02.676Z,UPI,Transfer,,NORMAL
TX_156,BANK_34,BANK_36,14309,2024-01-06T21:37:02.924Z,UPI,Transfer,,NORMAL
TX_350,BANK_43,BANK_70,7510,2024-01-09T05:04:13.807Z,NEFT,Transfer,,NORMAL
TX_149,BANK_56,BANK_98,41543,2024-01-11T05:50:51.924Z,UPI,Transfer,,NORMAL
TX_60,BANK_57,BANK_2,22859,2024-01-11T08:25:09.629Z,UPI,Transfer,,NORMAL
TX_190,BANK_49,BANK_100,42111,2024-01-13T21:45:05.122Z,UPI,Transfer,,NORMAL
TX_298,BANK_21,BANK_1,13989,2024-01-14T07:13:16.692Z,NEFT,Transfer,,NORMAL
TX_100,BANK_7,BANK_58,22835,2024-01-16T03:39:53.151Z,UPI,Transfer,,NORMAL
TX_250,BANK_36,BANK_28,26556,2024-01-20T20:31:04.698Z,UPI,Transfer,,NORMAL
TX_300,BANK_45,BANK_61,23391,2024-01-21T11:23:24.893Z,NEFT,Transfer,,NORMAL
TX_134,BANK_71,BANK_19,19861,2024-01-30T01:15:00.153Z,NEFT,Transfer,,NORMAL
TX_111,BANK_55,BANK_44,3965,2024-01-30T03:59:51.215Z,NEFT,Transfer,,NORMAL
TX_323,BANK_16,BANK_87,45249,2024-01-30T06:36:28.637Z,UPI,Transfer,,NORMAL
TX_129,BANK_22,BANK_60,17637,2024-01-31T02:23:38.567Z,NEFT,Transfer,,NORMAL
TX_64,BANK_20,BANK_68,20550,2024-02-02T06:07:14.777Z,UPI,Transfer,,NORMAL
TX_141,BANK_55,BANK_53,41095,2024-02-04T00:42:58.389Z,UPI,Transfer,,NORMAL
TX_31,BANK_78,BANK_89,26012,2024-02-05T21:50:31.209Z,UPI,Transfer,,NORMAL
TX_143,BANK_70,BANK_23,17668,2024-02-12T18:46:58.971Z,UPI,Transfer,,NORMAL
TX_424,BANK_7,BANK_6,16826,2024-02-15T00:30:00.000Z,UPI,Gift,1,MULE_GATHER
TX_425,BANK_8,BANK_6,16507,2024-02-15T01:30:00.000Z,UPI,Gift,1,MULE_GATHER
TX_426,BANK_9,BANK_6,16954,2024-02-15T02:30:00.000Z,UPI,Gift,1,MULE_GATHER
TX_427,BANK_10,BANK_6,15199,2024-02-15T03:30:00.000Z,UPI,Gift,1,MULE_GATHER
TX_428,BANK_11,BANK_6,24269,2024-02-15T04:30:00.000Z,UPI,Gift,1,MULE_GATHER
TX_429,BANK_12,BANK_6,24719,2024-02-15T05:30:00.000Z,UPI,Gift,1,MULE_GATHER
TX_430,BANK_13,BANK_6,24655,2024-02-15T06:30:00.000Z,UPI,Gift,1,MULE_GATHER
TX_431,BANK_14,BANK_6,16163,2024-02-15T07:30:00.000Z,UPI,Gift,1,MULE_GATHER
TX_432,BANK_15,BANK_6,20833,2024-02-15T08:30:00.000Z,UPI,Gift,1,MULE_GATHER
TX_433,BANK_16,BANK_6,23795,2024-02-15T09:30:00.000Z,UPI,Gift,1,MULE_GATHER
TX_309,BANK_71,BANK_61,29567,2024-02-15T10:49:56.358Z,NEFT,Transfer,,NORMAL
TX_382,BANK_24,BANK_79,30683,2024-02-16T11:06:12.736Z,NEFT,Transfer,,NORMAL
TX_247,BANK_24,BANK_46,36689,2024-02-18T18:34:57.918Z,UPI,Transfer,,NORMAL
TX_145,BANK_9,BANK_57,16052,2024-02-19T11:59:09.224Z,UPI,Transfer,,NORMAL
TX_304,BANK_21,BANK_97,8329,2024-02-21T05:43:55.958Z,UPI,Transfer,,NORMAL
TX_253,BANK_33,BANK_75,37352,2024-02-22T18:19:32.815Z,NEFT,Transfer,,NORMAL
TX_390,BANK_45,BANK_94,5211,2024-02-28T20:33:36.715Z,UPI,Transfer,,NORMAL
TX_55,BANK_100,BANK_61,13940,2024-03-06T17:12:10.856Z,NEFT,Transfer,,NORMAL
TX_121,BANK_13,BANK_77,49120,2024-03-09T05:14:26.084Z,NEFT,Transfer,,NORMAL
TX_389,BANK_13,BANK_98,32250,2024-03-13T10:37:59.378Z,NEFT,Transfer,,NORMAL
TX_172,BANK_67,BANK_16,13156,2024-03-13T19:38:24.619Z,UPI,Transfer,,NORMAL
TX_317,BANK_38,BANK_84,28189,2024-03-14T23:21:41.433Z,UPI,Transfer,,NORMAL
TX_341,BANK_12,BANK_39,36540,2024-03-15T19:34:36.324Z,NEFT,Transfer,,NORMAL
TX_331,BANK_81,BANK_11,33028,2024-03-21T09:47:50.583Z,UPI,Transfer,,NORMAL
TX_234,BANK_6,BANK_33,18583,2024-03-23T20:49:33.309Z,NEFT,Transfer,,NORMAL
TX_290,BANK_19,BANK_50,30443,2024-03-29T11:47:11.419Z,NEFT,Transfer,,NORMAL
TX_318,BANK_54,BANK_11,15292,2024-04-02T02:41:33.261Z,NEFT,Transfer,,NORMAL
TX_370,BANK_65,BANK_26,41653,2024-04-04T06:05:54.871Z,UPI,Transfer,,NORMAL
TX_151,BANK_97,BANK_90,33204,2024-04-13T15:05:35.906Z,NEFT,Transfer,,NORMAL
TX_369,BANK_94,BANK_97,36426,2024-04-16T05:07:25.026Z,NEFT,Transfer,,NORMAL
TX_67,BANK_63,BANK_87,5340,2024-04-17T05:56:39.947Z,NEFT,Transfer,,NORMAL
TX_296,BANK_42,BANK_79,13783,2024-04-25T10:16:36.139Z,NEFT,Transfer,,NORMAL
TX_107,BANK_42,BANK_20,31057,2024-05-02T19:48:26.054Z,NEFT,Transfer,,NORMAL
TX_344,BANK_82,BANK_8,12141,2024-05-03T15:57:33.130Z,NEFT,Transfer,,NORMAL
TX_222,BANK_47,BANK_69,6854,2024-05-05T02:48:45.876Z,NEFT,Transfer,,NORMAL
TX_262,BANK_30,BANK_3,5203,2024-05-07T22:35:30.267Z,NEFT,Transfer,,NORMAL
TX_209,BANK_97,BANK_93,16248,2024-05-16T00:01:44.334Z,UPI,Transfer,,NORMAL
TX_49,BANK_70,BANK_25,27895,2024-05-21T02:29:28.131Z,NEFT,Transfer,,NORMAL
TX_138,BANK_52,BANK_45,49921,2024-05-21T20:54:47.954Z,NEFT,Transfer,,NORMAL
TX_380,BANK_9,BANK_72,18998,2024-06-01T02:33:16.012Z,NEFT,Transfer,,NORMAL
TX_302,BANK_71,BANK_52,39729,2024-06-16T15:14:10.132Z,UPI,Transfer,,NORMAL
TX_186,BANK_21,BANK_93,614,2024-06-21T01:48:07.131Z,NEFT,Transfer,,NORMAL
TX_137,BANK_18,BANK_97,18858,2024-06-21T06:14:04.047Z,UPI,Transfer,,NORMAL
TX_248,BANK_9,BANK_74,23841,2024-06-23T03:09:54.126Z,UPI,Transfer,,NORMAL
TX_115,BANK_85,BANK_68,6138,2024-06-25T12:34:59.458Z,NEFT,Transfer,,NORMAL
TX_282,BANK_59,BANK_11,11947,2024-06-26T11:35:09.753Z,NEFT,Transfer,,NORMAL
TX_240,BANK_41,BANK_74,13913,2024-06-29T17:52:59.531Z,UPI,Transfer,,NORMAL
TX_106,BANK_89,BANK_85,36340,2024-07-03T06:05:42.144Z,UPI,Transfer,,NORMAL
TX_336,BANK_87,BANK_70,2471,2024-07-04T19:57:35.513Z,NEFT,Transfer,,NORMAL
TX_28,BANK_74,BANK_43,40393,2024-07-04T20:19:26.803Z,NEFT,Transfer,,NORMAL
TX_52,BANK_92,BANK_30,35500,2024-07-09T21:25:43.764Z,UPI,Transfer,,NORMAL
TX_199,BANK_6,BANK_33,29139,2024-07-10T22:00:09.592Z,NEFT,Transfer,,NORMAL
TX_293,BANK_24,BANK_83,40416,2024-07-14T04:58:55.060Z,NEFT,Transfer,,NORMAL
TX_355,BANK_26,BANK_67,49200,2024-07-18T12:39:26.926Z,UPI,Transfer,,NORMAL
TX_218,BANK_86,BANK_38,7736,2024-07-18T20:04:07.472Z,NEFT,Transfer,,NORMAL
TX_20,BANK_37,BANK_64,7657,2024-07-24T13:59:23.262Z,UPI,Transfer,,NORMAL
TX_42,BANK_23,BANK_43,7681,2024-07-26T19:39:27.880Z,UPI,Transfer,,NORMAL
TX_267,BANK_81,BANK_8,38943,2024-08-02T15:08:35.173Z,UPI,Transfer,,NORMAL
TX_238,BANK_23,BANK_45,29495,2024-08-03T17:27:48.167Z,NEFT,Transfer,,NORMAL
TX_88,BANK_41,BANK_54,40839,2024-08-06T09:16:21.143Z,NEFT,Transfer,,NORMAL
TX_229,BANK_90,BANK_98,39234,2024-08-09T09:37:58.753Z,NEFT,Transfer,,NORMAL
TX_379,BANK_93,BANK_10,30644,2024-08-12T16:24:53.718Z,UPI,Transfer,,NORMAL
TX_257,BANK_83,BANK_89,44232,2024-08-14T04:02:55.047Z,NEFT,Transfer,,NORMAL
TX_366,BANK_56,BANK_13,12578,2024-08-18T03:15:38.379Z,NEFT,Transfer,,NORMAL
TX_373,BANK_61,BANK_90,34796,2024-08-19T17:59:56.853Z,UPI,Transfer,,NORMAL
TX_61,BANK_71,BANK_9,8120,2024-08-22T11:49:57.321Z,UPI,Transfer,,NORMAL
TX_372,BANK_97,BANK_84,24049,2024-08-26T18:57:38.897Z,UPI,Transfer,,NORMAL
TX_110,BANK_66,BANK_49,34700,2024-08-29T22:57:20.666Z,NEFT,Transfer,,NORMAL
TX_325,BANK_60,BANK_2,37307,2024-09-01T18:20:05.933Z,UPI,Transfer,,NORMAL
TX_94,BANK_51,BANK_30,22218,2024-09-02T23:13:46.539Z,UPI,Transfer,,NORMAL
TX_233,BANK_6,BANK_94,25273,2024-09-06T23:04:50.807Z,NEFT,Transfer,,NORMAL
TX_160,BANK_73,BANK_46,32011,2024-09-12T02:17:05.829Z,UPI,Transfer,,NORMAL
TX_80,BANK_74,BANK_47,16478,2024-09-16T05:13:01.734Z,NEFT,Transfer,,NORMAL
TX_83,BANK_22,BANK_96,14696,2024-09-19T06:53:53.584Z,NEFT,Transfer,,NORMAL
TX_235,BANK_70,BANK_84,40957,2024-09-22T18:18:42.167Z,UPI,Transfer,,NORMAL
TX_82,BANK_76,BANK_64,29867,2024-09-24T12:04:59.810Z,NEFT,Transfer,,NORMAL
TX_228,BANK_84,BANK_43,47981,2024-09-28T07:27:03.386Z,UPI,Transfer,,NORMAL
TX_384,BANK_86,BANK_37,10342,2024-09-30T00:47:16.987Z,NEFT,Transfer,,NORMAL
TX_12,BANK_14,BANK_1,31810,2024-10-01T13:57:45.394Z,NEFT,Transfer,,NORMAL
TX_259,BANK_98,BANK_42,8652,2024-10-03T00:41:06.396Z,NEFT,Transfer,,NORMAL
TX_192,BANK_56,BANK_89,1617,2024-10-05T01:42:52.139Z,UPI,Transfer,,NORMAL
TX_74,BANK_21,BANK_83,8340,2024-10-06T07:06:58.148Z,NEFT,Transfer,,NORMAL
TX_33,BANK_40,BANK_3,15123,2024-10-16T19:02:54.291Z,UPI,Transfer,,NORMAL
TX_381,BANK_75,BANK_56,24108,2024-10-27T09:03:49.267Z,UPI,Transfer,,NORMAL
TX_249,BANK_91,BANK_50,4794,2024-10-30T19:02:15.665Z,NEFT,Transfer,,NORMAL
TX_35,BANK_19,BANK_48,26783,2024-11-09T03:48:24.274Z,NEFT,Transfer,,NORMAL
TX_224,BANK_91,BANK_67,1994,2024-11-10T17:17:58.575Z,UPI,Transfer,,NORMAL
TX_197,BANK_21,BANK_75,35134,2024-11-14T04:06:21.757Z,NEFT,Transfer,,NORMAL
TX_220,BANK_24,BANK_48,9527,2024-11-15T16:13:05.862Z,UPI,Transfer,,NORMAL
TX_297,BANK_17,BANK_38,20124,2024-11-16T06:31:13.429Z,UPI,Transfer,,NORMAL
TX_244,BANK_34,BANK_98,32565,2024-11-17T10:00:20.394Z,UPI,Transfer,,NORMAL
TX_32,BANK_96,BANK_39,25014,2024-11-19T23:16:09.567Z,UPI,Transfer,,NORMAL
TX_146,BANK_11,BANK_13,35106,2024-11-20T14:33:21.503Z,UPI,Transfer,,NORMAL
TX_189,BANK_96,BANK_41,38124,2024-11-23T21:08:17.738Z,NEFT,Transfer,,NORMAL
TX_7,BANK_85,BANK_36,37860,2024-11-24T03:16:29.495Z,UPI,Transfer,,NORMAL
TX_345,BANK_36,BANK_68,39903,2024-11-25T04:10:43.320Z,UPI,Transfer,,NORMAL
TX_205,BANK_54,BANK_85,41410,2024-11-28T12:28:27.832Z,UPI,Transfer,,NORMAL
TX_163,BANK_41,BANK_25,36532,2024-12-04T07:23:47.582Z,NEFT,Transfer,,NORMAL
TX_287,BANK_53,BANK_35,21406,2024-12-08T19:02:56.176Z,UPI,Transfer,,NORMAL
TX_116,BANK_64,BANK_91,8232,2024-12-09T01:20:24.829Z,NEFT,Transfer,,NORMAL
TX_273,BANK_17,BANK_24,26907,2024-12-18T17:48:18.304Z,UPI,Transfer,,NORMAL
TX_329,BANK_28,BANK_13,48166,2024-12-21T11:21:21.749Z,UPI,Transfer,,NORMAL
TX_387,BANK_56,BANK_42,24514,2024-12-22T01:17:44.805Z,NEFT,Transfer,,NORMAL
TX_36,BANK_81,BANK_82,429,2024-12-25T18:41:50.031Z,UPI,Transfer,,NORMAL
TX_202,BANK_9,BANK_63,22251,2024-12-29T01:48:41.763Z,NEFT,Transfer,,NORMAL
TX_374,BANK_76,BANK_26,50088,2024-12-29T03:24:20.069Z,NEFT,Transfer,,NORMAL
TX_185,BANK_45,BANK_68,14702,2025-01-01T04:20:47.319Z,UPI,Transfer,,NORMAL
TX_245,BANK_61,BANK_98,4322,2025-01-10T05:39:12.178Z,NEFT,Transfer,,NORMAL
TX_50,BANK_32,BANK_74,12436,2025-01-12T08:40:06.853Z,UPI,Transfer,,NORMAL
TX_264,BANK_84,BANK_9,41006,2025-01-17T02:19:07.064Z,NEFT,Transfer,,NORMAL
TX_48,BANK_75,BANK_93,25100,2025-01-21T16:01:48.300Z,UPI,Transfer,,NORMAL
TX_260,BANK_100,BANK_41,28583,2025-01-22T07:29:14.361Z,NEFT,Transfer,,NORMAL
TX_123,BANK_39,BANK_89,28279,2025-01-23T06:31:25.318Z,NEFT,Transfer,,NORMAL
TX_321,BANK_76,BANK_85,36092,2025-01-25T17:22:34.487Z,UPI,Transfer,,NORMAL
TX_278,BANK_54,BANK_10,20980,2025-01-26T16:52:17.436Z,UPI,Transfer,,NORMAL
TX_288,BANK_64,BANK_69,38978,2025-01-29T22:47:06.519Z,NEFT,Transfer,,NORMAL
TX_360,BANK_97,BANK_46,43473,2025-01-30T06:45:19.715Z,NEFT,Transfer,,NORMAL
TX_225,BANK_42,BANK_29,8214,2025-02-07T21:55:56.227Z,UPI,Transfer,,NORMAL
TX_397,BANK_95,BANK_1,41713,2025-02-11T13:52:58.526Z,UPI,Transfer,,NORMAL
TX_113,BANK_49,BANK_72,28210,2025-02-21T12:04:37.870Z,NEFT,Transfer,,NORMAL
TX_23,BANK_1,BANK_86,37299,2025-02-24T16:38:19.673Z,NEFT,Transfer,,NORMAL
TX_261,BANK_5,BANK_27,20445,2025-02-26T18:43:44.075Z,UPI,Transfer,,NORMAL
TX_24,BANK_54,BANK_61,14226,2025-02-26T22:02:34.603Z,UPI,Transfer,,NORMAL
TX_81,BANK_94,BANK_83,26431,2025-02-27T05:24:30.099Z,NEFT,Transfer,,NORMAL
TX_306,BANK_35,BANK_20,47526,2025-02-27T18:37:41.615Z,UPI,Transfer,,NORMAL
TX_30,BANK_87,BANK_88,48384,2025-03-02T09:39:33.168Z,UPI,Transfer,,NORMAL
TX_215,BANK_42,BANK_20,22929,2025-03-06T08:51:28.759Z,UPI,Transfer,,NORMAL
TX_56,BANK_10,BANK_23,17772,2025-03-08T04:15:05.293Z,UPI,Transfer,,NORMAL
TX_91,BANK_71,BANK_55,40437,2025-03-10T14:09:32.865Z,NEFT,Transfer,,NORMAL
TX_98,BANK_62,BANK_44,27177,2025-03-12T14:04:27.423Z,UPI,Transfer,,NORMAL
TX_211,BANK_52,BANK_24,13384,2025-03-14T07:08:57.582Z,NEFT,Transfer,,NORMAL
TX_13,BANK_56,BANK_100,12953,2025-03-15T07:06:24.130Z,UPI,Transfer,,NORMAL
TX_69,BANK_74,BANK_84,34353,2025-03-15T14:30:36.950Z,NEFT,Transfer,,NORMAL
TX_92,BANK_17,BANK_1,43676,2025-03-20T12:43:30.967Z,UPI,Transfer,,NORMAL
TX_38,BANK_26,BANK_62,22030,2025-03-23T23:38:44.426Z,UPI,Transfer,,NORMAL
TX_305,BANK_40,BANK_37,28505,2025-03-24T14:17:15.429Z,UPI,Transfer,,NORMAL
TX_130,BANK_72,BANK_86,10784,2025-03-27T05:03:52.571Z,UPI,Transfer,,NORMAL
TX_77,BANK_100,BANK_72,9188,2025-03-29T18:49:35.299Z,NEFT,Transfer,,NORMAL
TX_269,BANK_75,BANK_45,20273,2025-03-30T11:37:01.519Z,NEFT,Transfer,,NORMAL
TX_349,BANK_55,BANK_78,6352,2025-03-31T06:23:31.264Z,UPI,Transfer,,NORMAL
TX_122,BANK_62,BANK_49,23391,2025-04-02T08:48:15.677Z,UPI,Transfer,,NORMAL
TX_221,BANK_23,BANK_95,23079,2025-04-10T16:29:25.233Z,UPI,Transfer,,NORMAL
TX_376,BANK_66,BANK_35,39197,2025-04-15T19:42:53.438Z,UPI,Transfer,,NORMAL
TX_204,BANK_40,BANK_90,28633,2025-04-24T10:11:46.197Z,NEFT,Transfer,,NORMAL
TX_201,BANK_13,BANK_86,4240,2025-05-04T21:25:50.869Z,UPI,Transfer,,NORMAL
TX_361,BANK_50,BANK_71,21578,2025-05-13T12:09:59.361Z,NEFT,Transfer,,NORMAL
TX_328,BANK_22,BANK_80,49393,2025-05-21T16:45:18.088Z,NEFT,Transfer,,NORMAL
TX_109,BANK_10,BANK_12,44104,2025-05-26T14:25:43.170Z,UPI,Transfer,,NORMAL
TX_26,BANK_36,BANK_54,24491,2025-05-26T22:21:33.248Z,UPI,Transfer,,NORMAL
TX_310,BANK_72,BANK_3,34568,2025-06-06T02:20:26.061Z,UPI,Transfer,,NORMAL
TX_353,BANK_96,BANK_62,25986,2025-06-06T20:01:42.968Z,NEFT,Transfer,,NORMAL
TX_44,BANK_32,BANK_59,35318,2025-06-09T17:16:36.794Z,NEFT,Transfer,,NORMAL
TX_330,BANK_66,BANK_70,9271,2025-06-11T16:46:33.193Z,UPI,Transfer,,NORMAL
TX_396,BANK_74,BANK_18,32054,2025-06-16T02:28:41.280Z,NEFT,Transfer,,NORMAL
TX_51,BANK_28,BANK_55,23278,2025-06-17T03:24:17.817Z,UPI,Transfer,,NORMAL
TX_362,BANK_43,BANK_41,8604,2025-06-17T04:52:32.663Z,UPI,Transfer,,NORMAL
TX_256,BANK_52,BANK_9,25802,2025-06-19T21:39:14.059Z,NEFT,Transfer,,NORMAL
TX_87,BANK_62,BANK_92,35746,2025-06-20T01:49:37.210Z,UPI,Transfer,,NORMAL
TX_140,BANK_9,BANK_46,38941,2025-06-26T12:05:20.929Z,NEFT,Transfer,,NORMAL
TX_103,BANK_4,BANK_88,41065,2025-07-04T11:07:21.644Z,NEFT,Transfer,,NORMAL
TX_5,BANK_76,BANK_34,8377,2025-07-06T06:59:16.560Z,UPI,Transfer,,NORMAL
TX_294,BANK_15,BANK_78,26596,2025-07-08T00:15:59.594Z,UPI,Transfer,,NORMAL
TX_168,BANK_66,BANK_27,16185,2025-07-09T08:31:19.284Z,NEFT,Transfer,,NORMAL
TX_279,BANK_31,BANK_98,29208,2025-07-16T02:22:02.509Z,UPI,Transfer,,NORMAL
TX_340,BANK_29,BANK_65,16944,2025-07-21T05:07:16.063Z,NEFT,Transfer,,NORMAL
TX_70,BANK_52,BANK_11,11152,2025-07-22T15:09:34.336Z,NEFT,Transfer,,NORMAL
TX_53,BANK_62,BANK_84,39844,2025-07-26T10:05:37.997Z,NEFT,Transfer,,NORMAL
TX_155,BANK_60,BANK_18,8626,2025-07-26T18:04:02.495Z,UPI,Transfer,,NORMAL
TX_227,BANK_76,BANK_55,11386,2025-07-27T14:01:31.345Z,NEFT,Transfer,,NORMAL
TX_89,BANK_8,BANK_89,7866,2025-08-06T05:54:57.186Z,UPI,Transfer,,NORMAL
TX_71,BANK_92,BANK_24,9123,2025-08-09T03:37:34.712Z,NEFT,Transfer,,NORMAL
TX_242,BANK_40,BANK_65,31522,2025-08-09T18:36:49.638Z,UPI,Transfer,,NORMAL
TX_283,BANK_78,BANK_28,49342,2025-08-14T19:17:48.065Z,UPI,Transfer,,NORMAL
TX_338,BANK_47,BANK_43,32816,2025-08-16T16:36:19.734Z,NEFT,Transfer,,NORMAL
TX_230,BANK_26,BANK_50,36996,2025-08-16T18:38:20.112Z,UPI,Transfer,,NORMAL
TX_128,BANK_62,BANK_66,32374,2025-08-22T00:08:19.631Z,NEFT,Transfer,,NORMAL
TX_365,BANK_20,BANK_41,21498,2025-08-26T17:12:15.968Z,UPI,Transfer,,NORMAL
TX_46,BANK_7,BANK_71,8825,2025-08-31T11:46:24.103Z,NEFT,Transfer,,NORMAL
TX_394,BANK_4,BANK_84,20534,2025-09-04T01:22:02.577Z,NEFT,Transfer,,NORMAL
TX_34,BANK_81,BANK_75,17177,2025-09-08T02:07:29.948Z,NEFT,Transfer,,NORMAL
TX_108,BANK_16,BANK_47,24417,2025-09-11T05:41:56.013Z,NEFT,Transfer,,NORMAL
TX_119,BANK_74,BANK_84,3943,2025-09-19T19:03:09.080Z,NEFT,Transfer,,NORMAL
TX_180,BANK_61,BANK_14,26123,2025-09-21T22:20:03.926Z,UPI,Transfer,,NORMAL
TX_79,BANK_57,BANK_11,23824,2025-09-26T21:34:56.965Z,NEFT,Transfer,,NORMAL
TX_58,BANK_98,BANK_73,475,2025-09-29T08:47:54.227Z,UPI,Transfer,,NORMAL
TX_207,BANK_38,BANK_76,20388,2025-10-11T22:26:42.491Z,UPI,Transfer,,NORMAL
TX_347,BANK_81,BANK_47,12383,2025-10-13T15:40:30.946Z,UPI,Transfer,,NORMAL
TX_375,BANK_85,BANK_59,34364,2025-10-22T02:00:27.106Z,UPI,Transfer,,NORMAL
TX_120,BANK_9,BANK_76,36224,2025-10-27T03:16:19.241Z,NEFT,Transfer,,NORMAL
TX_41,BANK_49,BANK_84,39348,2025-10-27T17:49:42.716Z,NEFT,Transfer,,NORMAL
TX_327,BANK_4,BANK_40,36329,2025-11-03T06:45:22.608Z,NEFT,Transfer,,NORMAL
TX_343,BANK_74,BANK_56,13217,2025-11-05T14:58:49.240Z,UPI,Transfer,,NORMAL
TX_118,BANK_36,BANK_20,33862,2025-11-09T04:56:32.028Z,UPI,Transfer,,NORMAL
TX_237,BANK_78,BANK_35,32053,2025-11-13T15:22:47.630Z,NEFT,Transfer,,NORMAL
TX_214,BANK_97,BANK_59,44955,2025-11-14T09:33:43.246Z,UPI,Transfer,,NORMAL
TX_252,BANK_26,BANK_38,39643,2025-11-16T04:11:16.755Z,UPI,Transfer,,NORMAL
TX_356,BANK_7,BANK_85,3199,2025-11-16T04:55:22.260Z,UPI,Transfer,,NORMAL
TX_17,BANK_4,BANK_88,6074,2025-11-20T13:04:29.147Z,NEFT,Transfer,,NORMAL
TX_97,BANK_19,BANK_51,26533,2025-11-24T02:18:48.942Z,NEFT,Transfer,,NORMAL
TX_4,BANK_38,BANK_75,30015,2025-12-02T23:07:50.471Z,NEFT,Transfer,,NORMAL
TX_174,BANK_52,BANK_95,38599,2025-12-03T16:37:36.045Z,NEFT,Transfer,,NORMAL
TX_195,BANK_55,BANK_83,29199,2025-12-03T23:39:16.107Z,UPI,Transfer,,NORMAL
TX_9,BANK_15,BANK_73,4476,2025-12-05T19:52:46.986Z,NEFT,Transfer,,NORMAL
TX_266,BANK_21,BANK_49,29065,2025-12-10T17:54:37.151Z,NEFT,Transfer,,NORMAL
TX_68,BANK_59,BANK_48,2702,2025-12-19T04:35:44.664Z,UPI,Transfer,,NORMAL
TX_226,BANK_7,BANK_28,36770,2025-12-22T19:34:37.078Z,NEFT,Transfer,,NORMAL
TX_364,BANK_5,BANK_25,49966,2025-12-27T21:30:26.787Z,UPI,Transfer,,NORMAL
TX_148,BANK_56,BANK_23,2167,2025-12-28T13:37:39.369Z,NEFT,Transfer,,NORMAL
TX_66,BANK_36,BANK_60,6450,2025-12-30T01:30:50.890Z,UPI,Transfer,,NORMAL
TX_65,BANK_6,BANK_78,2940,2025-12-30T20:26:38.193Z,NEFT,Transfer,,NORMAL
TX_132,BANK_89,BANK_41,18448,2026-01-06T01:16:27.698Z,UPI,Transfer,,NORMAL
TX_295,BANK_41,BANK_60,42921,2026-01-09T04:46:13.485Z,NEFT,Transfer,,NORMAL
TX_125,BANK_96,BANK_40,30430,2026-01-11T14:52:52.467Z,UPI,Transfer,,NORMAL
TX_265,BANK_86,BANK_50,45246,2026-01-14T12:30:07.883Z,NEFT,Transfer,,NORMAL
TX_270,BANK_70,BANK_18,1707,2026-01-20T20:25:43.302Z,UPI,Transfer,,NORMAL
TX_292,BANK_10,BANK_41,11506,2026-01-26T16:12:51.765Z,NEFT,Transfer,,NORMAL
TX_124,BANK_20,BANK_42,5287,2026-01-26T20:53:41.369Z,NEFT,Transfer,,NORMAL
TX_27,BANK_9,BANK_30,30475,2026-01-27T01:42:21.935Z,NEFT,Transfer,,NORMAL
TX_177,BANK_7,BANK_93,28092,2026-01-30T00:25:32.734Z,NEFT,Transfer,,NORMAL
TX_188,BANK_76,BANK_7,45108,2026-01-31T23:40:56.260Z,NEFT,Transfer,,NORMAL
TX_144,BANK_87,BANK_37,21890,2026-02-01T12:09:07.856Z,UPI,Transfer,,NORMAL
TX_251,BANK_8,BANK_28,33296,2026-02-03T02:04:42.018Z,NEFT,Transfer,,NORMAL
TX_167,BANK_39,BANK_49,35090,2026-02-03T19:54:04.546Z,UPI,Transfer,,NORMAL
TX_10,BANK_32,BANK_12,29727,2026-02-05T07:55:53.916Z,NEFT,Transfer,,NORMAL
TX_90,BANK_49,BANK_64,27746,2026-02-07T22:32:44.996Z,UPI,Transfer,,NORMAL
TX_232,BANK_92,BANK_84,25884,2026-02-14T02:53:01.154Z,UPI,Transfer,,NORMAL
TX_178,BANK_69,BANK_90,34823,2026-02-16T20:12:39.787Z,UPI,Transfer,,NORMAL
TX_14,BANK_20,BANK_84,48543,2026-02-17T17:23:01.684Z,NEFT,Transfer,,NORMAL
TX_399,BANK_68,BANK_88,47311,2026-02-24T06:50:18.629Z,UPI,Transfer,,NORMAL
TX_332,BANK_61,BANK_12,10127,2026-03-02T12:52:26.366Z,NEFT,Transfer,,NORMAL
TX_291,BANK_36,BANK_74,26537,2026-03-07T22:11:13.157Z,UPI,Transfer,,NORMAL
TX_368,BANK_64,BANK_42,33751,2026-03-14T11:46:09.073Z,NEFT,Transfer,,NORMAL
TX_326,BANK_58,BANK_60,25423,2026-03-17T23:30:49.807Z,UPI,Transfer,,NORMAL
TX_316,BANK_99,BANK_38,43994,2026-03-22T19:19:27.601Z,NEFT,Transfer,,NORMAL
TX_183,BANK_54,BANK_82,46591,2026-03-24T19:47:47.091Z,UPI,Transfer,,NORMAL
TX_43,BANK_94,BANK_73,36834,2026-03-28T23:44:27.952Z,NEFT,Transfer,,NORMAL
TX_346,BANK_93,BANK_83,12388,2026-04-02T08:19:29.006Z,UPI,Transfer,,NORMAL
TX_153,BANK_67,BANK_59,11147,2026-04-04T19:03:18.638Z,NEFT,Transfer,,NORMAL
TX_285,BANK_61,BANK_47,45629,2026-04-06T03:01:08.076Z,NEFT,Transfer,,NORMAL
TX_135,BANK_50,BANK_19,43042,2026-04-07T08:09:33.838Z,NEFT,Transfer,,NORMAL
TX_11,BANK_4,BANK_12,42023,2026-04-07T17:59:54.709Z,UPI,Transfer,,NORMAL
TX_112,BANK_55,BANK_3,5506,2026-04-10T14:25:44.297Z,UPI,Transfer,,NORMAL
TX_385,BANK_38,BANK_65,13406,2026-04-15T03:46:26.655Z,UPI,Transfer,,NORMAL
TX_272,BANK_60,BANK_52,16803,2026-04-19T17:40:37.673Z,UPI,Transfer,,NORMAL
TX_191,BANK_34,BANK_10,23872,2026-04-20T20:22:00.524Z,NEFT,Transfer,,NORMAL
TX_358,BANK_47,BANK_46,36277,2026-04-21T07:34:06.461Z,UPI,Transfer,,NORMAL
TX_173,BANK_86,BANK_54,43353,2026-04-28T17:35:57.674Z,NEFT,Transfer,,NORMAL
TX_154,BANK_75,BANK_80,30907,2026-05-03T21:13:10.208Z,UPI,Transfer,,NORMAL
TX_194,BANK_11,BANK_10,38545,2026-05-03T21:33:54.060Z,NEFT,Transfer,,NORMAL
TX_334,BANK_51,BANK_43,26587,2026-05-04T07:14:24.928Z,UPI,Transfer,,NORMAL
TX_142,BANK_69,BANK_8,46698,2026-05-13T17:34:05.603Z,NEFT,Transfer,,NORMAL
TX_176,BANK_75,BANK_70,39745,2026-05-14T02:19:38.664Z,NEFT,Transfer,,NORMAL
TX_6,BANK_52,BANK_3,36824,2026-05-16T07:15:53.535Z,UPI,Transfer,,NORMAL
TX_114,BANK_15,BANK_16,46329,2026-05-26T08:37:15.461Z,NEFT,Transfer,,NORMAL
TX_102,BANK_68,BANK_6,11428,2026-05-27T09:10:13.155Z,UPI,Transfer,,NORMAL
TX_165,BANK_84,BANK_22,30487,2026-05-28T10:03:02.912Z,NEFT,Transfer,,NORMAL
TX_299,BANK_16,BANK_67,31332,2026-06-01T08:20:08.180Z,NEFT,Transfer,,NORMAL
TX_206,BANK_23,BANK_42,20830,2026-06-01T10:59:51.910Z,NEFT,Transfer,,NORMAL
TX_301,BANK_95,BANK_5,26247,2026-06-06T18:50:26.064Z,UPI,Transfer,,NORMAL
TX_212,BANK_22,BANK_100,45754,2026-06-10T04:17:11.766Z,UPI,Transfer,,NORMAL
TX_126,BANK_31,BANK_6,27859,2026-06-10T08:00:07.632Z,UPI,Transfer,,NORMAL
TX_21,BANK_14,BANK_16,23496,2026-06-11T18:40:45.409Z,NEFT,Transfer,,NORMAL
TX_85,BANK_84,BANK_20,39928,2026-06-13T00:26:48.655Z,UPI,Transfer,,NORMAL
TX_275,BANK_72,BANK_22,44688,2026-06-14T13:10:45.998Z,NEFT,Transfer,,NORMAL
TX_37,BANK_35,BANK_55,44991,2026-06-18T15:23:08.723Z,UPI,Transfer,,NORMAL
TX_400,BANK_26,BANK_67,32227,2026-06-19T03:05:31.911Z,UPI,Transfer,,NORMAL
TX_57,BANK_75,BANK_82,36833,2026-06-19T05:17:01.769Z,NEFT,Transfer,,NORMAL
TX_182,BANK_60,BANK_4,5784,2026-06-23T00:21:51.340Z,NEFT,Transfer,,NORMAL
TX_62,BANK_7,BANK_38,21963,2026-06-26T21:28:20.764Z,NEFT,Transfer,,NORMAL
TX_54,BANK_7,BANK_65,8553,2026-06-28T09:59:55.484Z,NEFT,Transfer,,NORMAL
TX_187,BANK_24,BANK_38,27922,2026-07-10T17:39:48.787Z,UPI,Transfer,,NORMAL
TX_40,BANK_32,BANK_62,38534,2026-07-11T18:23:43.114Z,UPI,Transfer,,NORMAL
TX_96,BANK_66,BANK_87,6347,2026-07-12T07:33:34.685Z,UPI,Transfer,,NORMAL
TX_95,BANK_27,BANK_81,49445,2026-07-14T13:17:57.262Z,NEFT,Transfer,,NORMAL
TX_280,BANK_19,BANK_35,23142,2026-07-16T20:40:21.109Z,NEFT,Transfer,,NORMAL
TX_352,BANK_62,BANK_6,6960,2026-07-17T07:45:10.615Z,NEFT,Transfer,,NORMAL
